NAME	MATCHES
samsung galaxy s5 duos	samsung galaxy s5 mini duos g800
samsung galaxy s5 g900 original
samsung galaxy s5 g900 original
samsung galaxy a8 plus 6
samsung galaxy pocket 2 duos g110	samsung galaxy pocket 2 duos g110
samsung galaxy s5 duos	samsung galaxy s5	samsung galaxy s5	samsung galaxy s5 g900 original	samsung galaxy s5 mini duos g800	samsung galaxy s5 g900m
samsung galaxy pocket 2 duos g110	samsung galaxy pocket 2 duos g110
samsung galaxy pocket 2 duos g110	samsung galaxy pocket 2 duos g110
samsung galaxy pocket 2 duos g110	samsung galaxy pocket 2 duos g110	samsung galaxy j7 prime 2 tv
samsung galaxy a7 2017 a720f
samsung galaxy s6 edge g925i
samsung g935 galaxy s7 edge	samsung galaxy s6 edge g925i	samsung galaxy s7 edge
samsung g935 galaxy s7 edge	samsung galaxy s6 edge g925i	samsung galaxy s7 edge
lg k4	lg k4	lg k4
samsung galaxy j5 prime	galaxy j2 prime	samsung galaxy j5 prime	samsung galaxy j5 prime	samsung galaxy j2 prime	samsung galaxy j5 prime	samsung galaxy j5 prime	samsung galaxy j7 prime 2	samsung galaxy j7 prime 2	samsung galaxy j7 prime 2	samsung galaxy j7 prime 2	samsung galaxy j7 prime 2	samsung galaxy j7 prime 2	samsung galaxy j7 prime 2	samsung galaxy j7 prime 2	samsung galaxy j7 prime	samsung galaxy j5 prime	samsung galaxy j7 prime 2 tv
samsung galaxy j5 prime	galaxy j2 prime	samsung galaxy j5 prime	samsung galaxy j5 prime	samsung galaxy j2 prime	samsung galaxy j5 prime	samsung galaxy j5 prime	samsung galaxy j7 prime 2	samsung galaxy j7 prime 2	samsung galaxy j7 prime 2	samsung galaxy j7 prime 2	samsung galaxy j7 prime 2	samsung galaxy j7 prime 2	samsung galaxy j7 prime 2	samsung galaxy j7 prime 2	samsung galaxy j7 prime	samsung galaxy j5 prime	samsung galaxy j7 prime 2 tv
samsung g935 galaxy s7 edge	samsung galaxy s6 edge g925i	samsung galaxy s7 edge
lg k10 power novo m320tv	lg k10 novo m250ds
lg k10 power novo m320tv	lg k10 novo m250ds
lg k10 power novo m320tv	lg k10 novo m250ds
lg k10 power novo m320tv
lg k10 power novo m320tv
motorola moto c plus xt1726	motorola moto g5s plus xt1805	motorola moto e5 plus grafite
motorola moto c plus xt1726	motorola moto c	motorola moto c plus xt1724 dual	moto c plus	motorola c plus xt1723 dual	motorola moto g6 plus	motorola moto g6 plus	motorola moto c xt1750	motorola moto g5s plus	motorola moto g5s plus	motorola moto g6 plus	motorola moto g5s plus xt1805	motorola moto e5 plus grafite	motorola moto g6 plus	motorola moto g6 plus	moto c plus dual chip
motorola moto c plus xt1726	motorola moto g5s plus xt1805	motorola moto e5 plus grafite
motorola moto c plus xt1726	motorola moto g5s plus xt1805	motorola moto e5 plus grafite
motorola moto z2 play polaroid edition dualchip	motorola moto z2 play
motorola moto z2 play polaroid edition dualchip	motorola moto z2 play
motorola moto z2 play polaroid edition dualchip	motorola moto z2 play
motorola moto z2 play polaroid edition dualchip	motorola moto z2 play
motorola moto g6 play xt1922	motorola moto g6 play xt1922	motorola moto g6 play	motorola xt1710 moto z2 play dual chip	motorola moto g6 play	motorola moto g6 play	motorola moto z2 play	motorola moto g6 play	motorola moto g6 play	motorola moto z3 play	motorola moto z3 play	motorola moto z3 play	motorola moto z3 play	motorola moto g6 play	motorola moto g6 play	motorola moto g6 play	motorola moto g6 play	motorola moto g6 play
motorola moto g6 play xt1922	motorola moto g6 play xt1922	motorola moto g6 play	motorola xt1710 moto z2 play dual chip	motorola moto g6 play	motorola moto g6 play	motorola moto z2 play	motorola moto g6 play	motorola moto g6 play	motorola moto z3 play	motorola moto z3 play	motorola moto z3 play	motorola moto z3 play	motorola moto g6 play	motorola moto g6 play	motorola moto g6 play	motorola moto g6 play	motorola moto g6 play
motorola moto z2 play polaroid edition dualchip	motorola moto z2 play
motorola moto g6 play xt1922	motorola moto g6 play xt1922	motorola moto g6 play	motorola xt1710 moto z2 play dual chip	motorola moto g6 play	motorola moto g6 play	motorola moto z2 play	motorola moto g6 play	motorola moto g6 play	motorola moto z3 play	motorola moto z3 play	motorola moto z3 play	motorola moto z3 play	motorola moto g6 play	motorola moto g6 play	motorola moto g6 play	motorola moto g6 play	motorola moto g6 play
samsung galaxy j7 prime 2	samsung galaxy j7 neo	samsung galaxy j7 neo	samsung galaxy j7 prime 2	samsung galaxy j7 prime 2	samsung galaxy j7 prime 2	samsung galaxy j7 prime 2	samsung galaxy j7 prime 2	samsung galaxy j7 prime 2	samsung galaxy j7 prime 2
samsung galaxy j7 prime 2	samsung galaxy j7 neo	samsung galaxy j7 neo	samsung galaxy j7 prime 2	samsung galaxy j7 prime 2	samsung galaxy j7 prime 2	samsung galaxy j7 prime 2	samsung galaxy j7 prime 2	samsung galaxy j7 prime 2	samsung galaxy j7 prime 2
lg k4	lg k4	lg k4
motorola moto c plus xt1726	motorola moto g5s xt1792 anatel	motorola moto g6 plus	motorola moto g6 plus	motorola moto g5s plus	motorola moto g5s plus	motorola moto g5s plus dual sim	motorola moto g6 plus	motorola moto g5s plus xt1805	motorola moto e5 plus grafite	motorola moto g6 plus	motorola moto g6 plus	motorola g5s plus
motorola moto g5s xt1792 anatel	motorola moto g5s plus xt1805
motorola moto c plus xt1726	motorola moto g5s xt1792 anatel	motorola moto g6 plus	motorola moto g6 plus	motorola moto g5s plus	motorola moto g5s plus	motorola moto g5s plus dual sim	motorola moto g6 plus	motorola moto g5s plus xt1805	motorola moto e5 plus grafite	motorola moto g6 plus	motorola moto g6 plus	motorola g5s plus
motorola moto c plus xt1726	motorola moto g5s xt1792 anatel	motorola moto g6 plus	motorola moto g6 plus	motorola moto g5s plus	motorola moto g5s plus	motorola moto g5s plus dual sim	motorola moto g6 plus	motorola moto g5s plus xt1805	motorola moto e5 plus grafite	motorola moto g6 plus	motorola moto g6 plus	motorola g5s plus
motorola moto g5s xt1792 anatel	motorola moto g5s plus xt1805
motorola moto z2 play polaroid edition dualchip	motorola moto z2 play
sony xperia xa1 ultra g3223
sony xperia xa1 ultra g3223
sony xperia xa1 ultra g3223
apple iphone 8 plus	iphone 8 apple plus	apple iphone 8 plus	apple iphone 8 plus	iphone 8 apple plus	apple iphone 8 plus	apple iphone 8 plus	apple iphone 8 plus	apple iphone 8 plus
apple iphone 8 plus	iphone 8 apple plus	apple iphone 8 plus	apple iphone 8 plus	iphone 8 apple plus	apple iphone 8 plus	apple iphone 8 plus	apple iphone 8 plus	apple iphone 8 plus
apple iphone 8 plus	iphone 8 apple plus	apple iphone 8 plus	apple iphone 8 plus	iphone 8 apple plus	apple iphone 8 plus	apple iphone 8 plus	apple iphone 8 plus	apple iphone 8 plus
apple iphone 8 plus	iphone 8 apple plus	apple iphone 8 plus	apple iphone 8 plus	iphone 8 apple plus	apple iphone 8 plus	apple iphone 8 plus	apple iphone 8 plus	apple iphone 8 plus
apple iphone 8 plus	iphone 8 apple plus	apple iphone 8 plus	apple iphone 8 plus	iphone 8 apple plus	apple iphone 8 plus	apple iphone 8 plus	apple iphone 8 plus	apple iphone 8 plus
apple iphone 8 plus	iphone 8 apple plus	apple iphone 8 plus	apple iphone 8 plus	iphone 8 apple plus	apple iphone 8 plus	apple iphone 8 plus	apple iphone 8 plus	apple iphone 8 plus
samsung galaxy a8 2018 sm-a530f	samsung galaxy a8 plus 6	samsung galaxy a8 plus 2018 sm-a730f	samsung galaxy a8 plus 2018 sm-a730f
samsung galaxy a8 2018 sm-a530f	samsung galaxy a8 plus 6	samsung galaxy a8 plus 2018 sm-a730f	samsung galaxy a8 plus 2018 sm-a730f
samsung galaxy a8 2018 sm-a530f	samsung galaxy a8 plus 6	samsung galaxy a8 plus 2018 sm-a730f	samsung galaxy a8 plus 2018 sm-a730f
samsung galaxy a8 plus 6	samsung galaxy s9+ s9 plus anatel	samsung galaxy s9 plus	samsung galaxy s9 plus
samsung galaxy a8 plus 6	samsung galaxy s9+ s9 plus anatel	samsung galaxy s9 plus	samsung galaxy s9 plus
samsung galaxy a8 plus 6	samsung galaxy s9+ s9 plus anatel	samsung galaxy s9 plus	samsung galaxy s9 plus
motorola moto g6 play xt1922	motorola moto g6 play xt1922	motorola moto g6 play	motorola moto g6 plus	motorola moto g6 plus	motorola moto g6 play	motorola moto g6 play	motorola moto z2 play	motorola moto g6 play	motorola xt1925-3 moto g6	motorola moto g6 play	motorola moto g6 play xt1922 nf lacrado	motorola moto z3 play	motorola moto z3 play	motorola moto z3 play	motorola moto g6 plus	motorola moto z3 play	motorola moto g6 play	motorola moto g6 play	motorola moto g6 play	motorola moto g6 play	motorola moto g6 play	motorola moto g6 plus	motorola moto g6 plus
motorola moto g6 play xt1922	motorola moto g6 play xt1922	motorola moto g6 play	motorola moto g6 plus	motorola moto g6 plus	motorola moto g6 play	motorola moto g6 play	motorola moto z2 play	motorola moto g6 play	motorola xt1925-3 moto g6	motorola moto g6 play	motorola moto g6 play xt1922 nf lacrado	motorola moto z3 play	motorola moto z3 play	motorola moto z3 play	motorola moto g6 plus	motorola moto z3 play	motorola moto g6 play	motorola moto g6 play	motorola moto g6 play	motorola moto g6 play	motorola moto g6 play	motorola moto g6 plus	motorola moto g6 plus
motorola moto c plus xt1726	motorola moto g6 play xt1922	motorola moto g6 play xt1922	motorola moto g6 play	motorola moto g6 plus	motorola moto g6 plus	motorola moto g6 play	motorola moto g6 play	motorola moto g6 play	motorola xt1925-3 moto g6	motorola moto g5s plus	motorola moto g5s plus	motorola moto g6 play	motorola moto g6 plus	motorola moto g6 play	motorola moto g6 play	motorola moto g6 play	motorola moto g6 play	motorola moto g5s plus xt1805	motorola moto g6 play	motorola moto e5 plus grafite	motorola moto g6 plus	motorola moto g6 plus
apple iphone 8 plus	iphone 8 apple plus	apple iphone 8 plus	apple iphone 8 plus	iphone 8 apple plus	apple iphone 8 plus	apple iphone 8 plus	apple iphone 8 plus	apple iphone 8 plus
apple iphone 8 plus	iphone 8 apple plus	apple iphone 8 plus	apple iphone 8 plus	iphone 8 apple plus	apple iphone 8 plus	apple iphone 8 plus	apple iphone 8 plus	apple iphone 8 plus
motorola moto e5 plus grafite
motorola moto e5 plus grafite
motorola moto g6 play xt1922	motorola moto g6 play xt1922	motorola moto g6 play	motorola moto g6 play	motorola moto g6 play	motorola moto z2 play	motorola moto g6 play	motorola moto z3 play stereo speaker	motorola moto g6 play	motorola moto z3 play	motorola moto z3 play	motorola moto z3 play	motorola moto z3 play	motorola moto g6 play	motorola moto g6 play	motorola moto g6 play	motorola moto g6 play	motorola moto g6 play
motorola moto e4 plus	motorola moto c plus xt1726	motorola moto e4 plus	motorola moto e4 plus	motorola moto g5s plus xt1802	motorola moto g5s plus xt1802	motorola moto g5s plus xt1802	motorola moto g6 plus xt1926	motorola moto g6 plus dual	motorola moto c plus	motorola moto c	motorola moto c plus	motorola moto c plus	motorola moto c plus dual sim	motorola moto c plus xt1724 dual	motorola moto c plus xt-1723	moto c plus	motorola c plus xt1723 dual	motorola moto c plus	motorola moto g6 plus	motorola moto g5s plus dual	motorola moto g6 plus	motorola moto g6 plus	motorola moto g6 plus dual	motorola moto c xt1750	motorola moto g5s plus	motorola moto g5s plus	motorola moto g6 plus dual	motorola moto g6 plus	motorola moto g6 plus dual	motorola moto g5s plus xt1805	motorola moto e5 plus grafite	motorola moto g6 plus	motorola moto g6 plus	moto c plus dual chip	motorola moto g5s plus	motorola moto g6 plus	motorola moto e4 plus biometria	motorola moto g6 plus
motorola moto c plus dual sim	motorola moto c plus xt1724 dual sim	motorola moto c plus xt1723 dual chip	motorola moto c plus xt1723 dual chip	motorola moto c plus xt1723 dual sim
samsung galaxy s8+
samsung galaxy s8+ dual chip	samsung galaxy s8+	samsung galaxy s8+
samsung galaxy j7 prime 2	samsung galaxy j7 prime 2	samsung galaxy j7 prime 2	samsung galaxy j7 prime 2	samsung galaxy j7 prime 2	samsung galaxy j7 prime 2	samsung galaxy j7 prime 2	samsung galaxy j7 prime 2	samsung galaxy j7 prime 2 /	samsung galaxy j7 prime 2 tv
samsung galaxy s9+	samsung galaxy s9+	samsung galaxy s9+ plus
apple iphone 5
lg k10 novo 2017	lg k10 power novo m320tv	lg k10 2017 m250dsf dual	lg k10 novo 2017
apple iphone 5s	apple iphone 5s	apple iphone 5s
motorola moto g5s xt1792 anatel	motorola moto g5s plus xt1805
samsung galaxy s5 g900 original	samsung galaxy s5 g900m
apple iphone 6	apple iphone 6
samsung galaxy pocket 2 duos sm-g110b	samsung galaxy young 2 duos g130m	samsung galaxy young 2 duos g130m	samsung galaxy win 2 duos tv	samsung galaxy pocket 2 duos g110
motorola moto z2 play xt1710	motorola moto z2 play xt1710	motorola moto z2 play xt1710	motorola moto g6 play xt1922	motorola moto g6 play xt1922	motorola moto g6 plus xt1926	motorola moto z3 play gamepad	motorola moto g6 plus dual	motorola moto g6 play xt1922	motorola moto g6 play	motorola moto g6 play	motorola moto g6 play	motorola moto g6 plus	motorola moto g6 plus	motorola moto g6 plus	motorola moto g6 play	motorola moto g6 plus dual	motorola moto g6 play	motorola moto g6 play	motorola moto z2 play	motorola moto g6 play	motorola xt1925-3 moto g6	moto g6 play dual chip	motorola moto g6 plus dual	motorola moto g6 play	motorola moto g6 play xt1922 nf lacrado	motorola moto z3 play	motorola moto z3 play	motorola moto z3 play	motorola moto g6 plus	motorola moto z3 play	motorola moto g6 play	motorola moto g6 play	motorola moto g6 play	motorola moto g6 play	motorola moto g6 play	motorola moto g6 play	motorola moto g6 plus dual	motorola moto z3 play	motorola moto z3 play	motorola moto g6 play	motorola moto g6 plus	motorola moto g6 plus	motorola moto g6 plus	motorola moto g6 plus
apple iphone 5s	apple iphone 5s	apple iphone 5s
apple iphone 5c
iphone 5s	iphone 5s	iphone 5s	iphone 5s	iphone 5s	iphone 5s
apple iphone 5
samsung galaxy s9 plus	samsung galaxy a8 plus 6	samsung galaxy s9 plus	samsung galaxy s9+ plus	samsung galaxy s9 plus
motorola moto c plus xt1726	motorola moto g6 play xt1922	motorola moto g6 play xt1922	motorola moto c plus	motorola moto c plus xt1724 dual	motorola moto c plus xt-1723	motorola c plus xt1723 dual	motorola moto c plus	motorola moto g6 play	motorola moto g6 play	motorola moto g6 play	motorola moto g6 plus	motorola moto g5s plus dual	motorola moto g6 plus	motorola moto g6 plus	motorola moto g6 play	motorola moto g6 plus dual	motorola moto g6 play	motorola moto g6 play	motorola moto g6 play	motorola xt1925-3 moto g6	moto g6 play dual chip	motorola moto g5s plus	motorola moto g5s plus	motorola moto g5s plus dual sim	motorola moto g6 plus dual	motorola xt1900 moto x4 dual	motorola moto g6 play	motorola moto g6 plus	motorola moto g6 play	motorola moto g6 play	motorola moto g6 play	motorola moto g6 play	motorola moto g6 play	motorola moto g6 play	motorola moto g6 plus dual	motorola moto g5s plus xt1805	motorola moto g6 play	motorola moto e5 plus grafite	motorola moto g6 plus	motorola moto g6 plus	moto c plus dual chip	motorola moto g6 plus
samsung galaxy pocket 2 duos sm-g110b	samsung galaxy young 2 duos g130m	samsung galaxy young 2 duos g130m	samsung galaxy win 2 duos tv	samsung galaxy pocket 2 duos g110
samsung galaxy s4 mini duos	samsung galaxy s5 duos sm-g900	samsung galaxy s5 g900 original	samsung galaxy s5 mini duos g800
samsung galaxy s5 duos sm-g900	samsung galaxy s5	samsung galaxy s5 g900 original
samsung galaxy j2 prime tv	samsung galaxy j2 prime tv	samsung galaxy j5 prime	samsung galaxy j5 prime	samsung galaxy j5 prime	samsung galaxy j5 prime	samsung galaxy j7 prime 2	samsung galaxy j7 prime 2	samsung galaxy j7 prime 2	samsung galaxy j7 prime 2	samsung galaxy j7 prime 2	samsung galaxy j7 prime 2	samsung galaxy j7 prime 2	samsung galaxy j7 prime 2	samsung galaxy j5 pro sm-j530g/ds	samsung galaxy j5 prime
caterpillar cat s60 dual chip	caterpillar cat s60 dual chip
caterpillar cat s60	caterpillar cat s60 dual chip	caterpillar cat s60	caterpillar cat s60 dual chip
iphone 6	iphone 6	iphone 6	iphone 6	iphone 6	iphone 6
iphone 6	iphone 6	iphone 6	iphone 6	iphone 6	iphone 6
iphone 5s	iphone 5s	iphone 5s	iphone 5s	iphone 5s	iphone 5s
samsung galaxy s5 duos sm-g900	samsung galaxy s5	samsung galaxy s5 g900 original
lg k10 2017 m250dsf dual
caterpillar cat s60	caterpillar cat s60 dual chip	caterpillar cat s60	caterpillar cat s60 dual chip
samsung galaxy s6 edge sm-g925i	samsung galaxy s6 edge sm-g925i	samsung galaxy s7 edge	samsung galaxy s6 edge g925i	samsung galaxy s7 edge
lg k10 novo 2017	lg k10 power novo m320tv	lg k10 2017 m250dsf dual
motorola moto z2 play xt1710	motorola moto z2 play xt1710	motorola moto z2 play xt1710	motorola moto g6 play xt1922	motorola moto g6 play xt1922	motorola moto g6 plus xt1926	motorola moto z3 play gamepad	motorola moto g6 play xt1922	motorola moto g6 plus dual	motorola moto g6 play	motorola moto g6 play	motorola moto g6 play	motorola moto g6 plus	motorola moto g6 plus	motorola moto g6 plus	motorola moto g6 play	motorola moto g6 plus dual	motorola moto g6 play	motorola moto g6 play	motorola moto z2 play	motorola moto g6 play	motorola xt1925-3 moto g6	moto g6 play dual chip	motorola moto g6 plus dual	motorola moto g6 play	motorola moto g6 play xt1922 nf lacrado	motorola moto z3 play	motorola moto z3 play	motorola moto z3 play	motorola moto g6 plus	motorola moto z3 play	motorola moto g6 play	motorola moto g6 play	motorola moto g6 play	motorola moto g6 play	motorola moto g6 play	motorola moto g6 play	motorola moto g6 plus dual	motorola moto z3 play	motorola moto z3 play	motorola moto g6 play	motorola moto g6 plus	motorola moto g6 plus	motorola moto g6 plus	motorola moto g6 plus
motorola moto c plus xt1726	motorola moto c plus	motorola moto c plus xt1724 dual	motorola moto c plus xt-1723	motorola c plus xt1723 dual	motorola moto c plus	motorola moto g5s plus dual	motorola moto g6 plus dual	motorola moto g6 plus dual	motorola moto g6 plus dual	motorola moto g5s plus xt1805	motorola moto e5 plus grafite	moto c plus dual chip
motorola moto c plus xt1726	motorola moto c plus xt1726	motorola moto c plus xt-1723
motorola moto c plus xt1726	motorola moto g6 plus dual	motorola moto c plus	motorola moto c plus	motorola moto c plus dual sim	motorola moto c plus xt1724 dual	motorola c plus xt1723 dual	motorola moto g5s plus xt1805	motorola moto e5 plus grafite	moto c plus dual chip
motorola moto c plus xt1726	motorola moto c plus	motorola moto c plus xt1724 dual	motorola moto c plus xt-1723	motorola c plus xt1723 dual	motorola moto c plus	motorola moto g5s plus dual	motorola moto g6 plus dual	motorola moto g6 plus dual	motorola moto g6 plus dual	motorola moto g5s plus xt1805	motorola moto e5 plus grafite	moto c plus dual chip
lg k10 novo m250ds	lg k10 novo m250ds	lg k10 m250ds novo	lg k10 tv power	lg k10 tv power	lg k10 novo 2017	lg k10 novo 2017	lg k10 power m320tv	lg k10 novo 2017	lg k10 novo m250ds
samsung galaxy s5 sm-g900m	samsung galaxy s5 sm-g900m	samsung galaxy s5 duos sm-g900	samsung galaxy s5 original g900m original	samsung galaxy s5 duos	samsung galaxy s5	samsung galaxy s5	samsung galaxy s5 g900m
samsung galaxy j7 prime 2	samsung galaxy j7 neo	samsung galaxy j7 neo	samsung galaxy j7 prime 2	samsung galaxy j7 prime 2	samsung galaxy j7 prime 2	samsung galaxy j7 prime 2	samsung galaxy j7 prime 2	samsung galaxy j7 prime 2	samsung galaxy j7 prime 2
apple iphone 8	apple iphone 8	apple iphone 8
samsung galaxy s4 mini duos	samsung galaxy s5 duos sm-g900	samsung galaxy s5 duos
lg k10 novo 2017	lg k10 dual	lg k10 novo 2017	lg k10 novo 2017
desbloqueado samsung galaxy s6 edge sm-g925i	samsung galaxy s6 edge sm-g925i	samsung galaxy s6 edge sm-g925i	samsung galaxy s7 edge	samsung g935 galaxy s7 edge	samsung galaxy s7 edge
moto g5 xt1671 novo	motorola moto g5 xt1671
motorola moto c plus xt1726	motorola moto c plus xt1723 dual sim lte	motorola moto c plus	motorola moto c plus xt1724 dual sim	motorola moto c plus xt1723 dual chip	motorola moto c plus xt1724 dual	motorola moto c plus xt-1723	motorola c plus xt1723 dual	motorola moto c plus	motorola moto g5s plus dual	motorola moto g6 plus dual	motorola moto g5s plus dual sim	motorola moto g6 plus dual	motorola moto g6 plus dual	moto c plus dual chip	motorola moto g5 xt1677 dual sim	motorola moto g5s xt1794 dual sim	motorola moto c plus xt1723 dual sim
motorola moto c plus xt1723 dual sim lte	motorola moto c plus dual sim	motorola moto c plus xt1723 dual chip	motorola moto c plus xt1724 dual	motorola moto g5s plus dual sim	motorola moto c plus xt1723 dual chip	motorola moto c plus xt1723 dual sim
samsung galaxy j7 prime 2	samsung galaxy j7 neo	samsung galaxy j7 neo	samsung galaxy j7 prime 2	samsung galaxy j7 prime 2	samsung galaxy j7 prime 2	samsung galaxy j7 prime 2	samsung galaxy j7 prime 2	samsung galaxy j7 prime 2	samsung galaxy j7 prime 2
samsung galaxy s8
apple iphone 5s	apple iphone 5s	apple iphone 5s
apple iphone 5s	apple iphone 5s	apple iphone 5s
motorola moto g5 xt1671 |
iphone 5s	iphone 5s	iphone 5s	iphone 5s	iphone 5s	iphone 5s
iphone 6	iphone 6	iphone 6	iphone 6	iphone 6	iphone 6
samsung galaxy j7 pro	samsung galaxy j7 pro	samsung galaxy j7 prime 2	samsung galaxy j7 neo tv	samsung galaxy j7 prime 2	samsung galaxy j7 prime 2	samsung galaxy j7 prime 2	samsung galaxy j7 prime 2	samsung galaxy j7 prime 2	samsung galaxy j7 prime 2	samsung galaxy j7 prime 2	samsung galaxy j5 pro sm-j530g/ds	samsung galaxy j7 pro
samsung galaxy j7 pro	samsung galaxy j7 pro	samsung galaxy j7 prime 2	samsung galaxy j7 neo tv	samsung galaxy j7 prime 2	samsung galaxy j7 prime 2	samsung galaxy j7 prime 2	samsung galaxy j7 prime 2	samsung galaxy j7 prime 2	samsung galaxy j7 prime 2	samsung galaxy j7 prime 2	samsung galaxy j5 pro sm-j530g/ds	samsung galaxy j7 pro
samsung galaxy j5 pro sm-j530g dual chip dourado	samsung galaxy j5 pro sm-j530g dual chip dourado
samsung galaxy j5 pro sm-j530g dual chip preto	samsung galaxy j5 pro sm-j530g dual chip dourado
iphone 8 apple plus	iphone 8 apple plus	iphone 8 apple plus	iphone 8 apple plus	iphone 8 apple plus	iphone 8 apple plus	iphone 8 plus apple	iphone 8 plus apple	iphone 8 apple plus	apple iphone 8 plus	apple iphone 8 plus	apple iphone 8 plus	iphone 8 plus apple	iphone 8 apple plus	apple iphone 8 plus	apple iphone 8 plus	apple iphone 8 plus	apple iphone 8 plus
lg k10 power novo m320tv
motorola moto c plus xt1723 dual sim lte	motorola moto c plus dual sim	motorola moto c plus xt1724 dual sim	motorola moto c plus xt1724 dual	motorola c plus xt1723 dual	motorola moto c plus xt1723 dualchip16gb original	motorola moto c plus xt1723 dual chip	moto c plus dual chip	motorola moto c plus xt1723 dual sim
motorola moto c plus xt1726	motorola moto c plus xt1726	motorola moto g6 plus dual	motorola moto c plus	motorola moto c plus	motorola moto c plus	motorola moto c plus dual sim	motorola moto c plus xt1724 dual sim	motorola moto c plus xt1723 dual chip	motorola moto c plus xt-1723	motorola c plus xt1723 dual	motorola moto c plus	motorola moto g5s plus dual	motorola moto g6 plus dual	motorola moto g5s plus dual sim	motorola moto g6 plus dual	motorola moto g6 plus dual	motorola moto c plus xt1723 dual chip	moto c plus dual chip	motorola moto c plus xt1723 dual sim
iphone 8	iphone 8	iphone 8
iphone 8 plus	iphone 8 plus	iphone 8 plus	iphone 8 plus	iphone 8 plus	iphone 8 plus
apple watch series 3 42mm gps garantia apple	apple watch série 3 42mm gps	apple watch series 3 42mm lacrado
samsung galaxy s8+
iphone 7
iphone 8 apple plus	iphone 8 apple plus	iphone 8 apple plus	iphone 8 apple plus	iphone 8 apple plus	iphone 8 apple plus	iphone 8 plus apple	iphone 8 plus apple	apple iphone 8 plus	apple iphone 8 plus	apple iphone 8 plus	apple iphone 8 plus	iphone 8 plus apple	iphone 8 apple plus	apple iphone 8 plus	apple iphone 8 plus	apple iphone 8 plus	apple iphone 8 plus
samsung galaxy j7 pro	samsung galaxy j7 pro	samsung galaxy j7 prime 2	samsung galaxy j7 prime 2	samsung galaxy j7 prime 2	samsung galaxy j7 prime 2	samsung galaxy j7 prime 2	samsung galaxy j7 prime 2	samsung galaxy j7 prime 2	samsung galaxy j7 prime 2	samsung galaxy j5 pro sm-j530g/ds
motorola moto g5 xt1671 |	motorola moto g5 xt1671
samsung galaxy s8	samsung galaxy s8
iphone 8	iphone 8	iphone 8
samsung galaxy s8+
samsung galaxy s9	samsung galaxy s9	samsung galaxy s9
alcatel a3 xl max
apple watch series 3 42mm nike	apple watch series 3 42mm nike	apple watch series 3 42mm nike	apple watch série 3 42mm gps	apple watch series 3 42mm lacrado
iphone 8 plus	iphone 8 plus	iphone 8 plus	iphone 8 plus	iphone 8 plus	iphone 8 plus
iphone 6	iphone 6	iphone 6	iphone 6	iphone 6	iphone 6
iphone x	iphone x	iphone x	iphone x	iphone x	iphone x	iphone x	iphone x
xiaomi redmi note 5 pro	xiaomi redmi note 5	xiaomi redmi note 5	xiaomi redmi note 5	xiaomi redmi note 5	xiaomi redmi note 5	xiaomi redmi note 5	xiaomi redmi note 5	xiaomi redmi note 5
xiaomi redmi note 5 pro	xiaomi redmi note 5	xiaomi redmi note 5	xiaomi redmi note 5	xiaomi redmi note 5	xiaomi redmi note 5	xiaomi redmi note 5	xiaomi redmi note 5	xiaomi redmi note 5
iphone 5s	iphone 5s	iphone 5s	iphone 5s	iphone 5s	iphone 5s
iphone x	iphone x	iphone x	iphone x	iphone x	iphone x	iphone x	iphone x
samsung galaxy j7 prime 2	samsung galaxy j7 prime 2	samsung galaxy j7 prime 2	samsung galaxy j7 prime 2	samsung galaxy j7 prime 2	samsung galaxy j7 prime 2	samsung galaxy j7 prime 2	samsung galaxy j7 prime 2	samsung galaxy j7 prime	samsung galaxy j7 prime 2 /	samsung galaxy j7 prime 2 tv
galaxy j7 pro	galaxy j7 pro	galaxy j7 pro
galaxy j7 pro	galaxy j7 pro	galaxy j7 pro
samsung galaxy j2 prime tv	samsung galaxy j2 prime tv
cat caterpillar s60 lte	caterpillar cat s60	caterpillar cat s60	caterpillar cat s60	caterpillar cat s60 dual chip
iphone x	iphone x	iphone x	iphone x	iphone x	iphone x	iphone x	iphone x
samsung galaxy a8 plus	samsung galaxy a8 plus	samsung galaxy a8 plus	samsung galaxy a8 plus 6	samsung galaxy a8 plus 2018 sm-a730f	samsung galaxy a8 plus 2018 sm-a730f
iphone 8 apple plus	iphone 8 apple plus	iphone 8 apple plus	iphone 8 apple plus	iphone 8 apple plus	iphone 8 apple plus	iphone 8 plus apple	iphone 8 plus apple	apple iphone 8 plus	iphone 8 apple plus	apple iphone 8 plus	apple iphone 8 plus	iphone 8 plus apple	iphone 8 apple plus	apple iphone 8 plus	apple iphone 8 plus	apple iphone 8 plus	apple iphone 8 plus
samsung galaxy j2 prime tv	samsung galaxy j2 prime tv	samsung galaxy j5 prime	samsung galaxy j5 prime	samsung galaxy j5 prime	samsung galaxy j5 prime	samsung galaxy j7 prime 2	samsung galaxy j7 prime 2	samsung galaxy j7 prime 2	samsung galaxy j7 prime 2	samsung galaxy j7 prime 2	samsung galaxy j7 prime 2	samsung galaxy j7 prime 2	samsung galaxy j7 prime 2	samsung galaxy j5 pro sm-j530g/ds	samsung galaxy j5 prime
samsung galaxy j2 prime tv	samsung galaxy j2 prime tv	samsung galaxy j5 prime	samsung galaxy j5 prime	samsung galaxy j5 prime	samsung galaxy j5 prime	samsung galaxy j7 prime 2	samsung galaxy j7 prime 2	samsung galaxy j7 prime 2	samsung galaxy j7 prime 2	samsung galaxy j7 prime 2	samsung galaxy j7 prime 2	samsung galaxy j7 prime 2	samsung galaxy j7 prime 2	samsung galaxy j5 pro sm-j530g/ds	samsung galaxy j5 prime
motorola moto g5 xt1671
iphone x	iphone x	iphone x	iphone x	iphone x	iphone x	iphone x	iphone x
lg k10 novo 2017	lg k10 power novo m320tv	lg k10 2017 m250dsf dual
apple iphone x	iphone apple x	apple iphone x	apple iphone x	apple iphone x
motorola moto c plus xt1726	motorola moto g6 plus dual	motorola moto c plus	motorola moto c	motorola moto c plus	motorola moto c plus dual sim	motorola moto c plus xt1724 dual	moto c plus	motorola c plus xt1723 dual	motorola moto g6 plus	motorola moto g6 plus	motorola moto c xt1750	motorola moto g5s plus	motorola moto g5s plus	motorola moto g6 plus	motorola moto g5s plus xt1805	motorola moto e5 plus grafite	motorola moto g6 plus	motorola moto g6 plus	moto c plus dual chip	motorola moto g5s plus
samsung galaxy j5 pro sm-j530g/ds
motorola moto z2 play power edition	motorola moto z2 play sound edition	motorola moto z2 play sound edition	motorola moto z2 play projector edition	motorola moto z2 play power edition	motorola moto z2 play gamepad edition
iphone 5s	iphone 5s	iphone 5s	iphone 5s	iphone 5s	iphone 5s
motorola moto c plus xt1726	motorola moto c plus xt1726	motorola moto c plus xt-1723	moto c plus dual chip
apple iphone 5c
samsung galaxy j2 prime tv	samsung galaxy j2 prime tv	samsung galaxy j7 prime 2	samsung galaxy j7 prime 2	samsung galaxy j7 prime 2	samsung galaxy j7 prime 2	samsung galaxy j7 prime 2	samsung galaxy j7 prime 2	samsung galaxy j7 prime 2	samsung galaxy j7 prime 2
apple iphone 8 plus	iphone 8 apple plus	apple iphone 8 plus	apple iphone 8 plus	iphone 8 apple plus	apple iphone 8 plus	apple iphone 8 plus	apple iphone 8 plus	apple iphone 8 plus
apple watch series 3 42mm gps garantia apple	apple watch série 3 42mm gps	apple watch series 3 42mm lacrado
apple watch series 3 42mm gps garantia apple	apple watch série 3 42mm gps	apple watch series 3 42mm lacrado
iphone x	iphone x	iphone x	iphone x	iphone x	iphone x	iphone x	iphone x
iphone apple x	iphone apple x	apple iphone x	apple iphone x	apple iphone x
motorola moto c plus xt1726	motorola moto c plus xt1726	motorola moto g6 plus dual	motorola moto c plus	motorola moto c plus	motorola moto c plus	motorola moto c plus dual sim	motorola moto c plus xt1723 dual chip	motorola moto c plus xt1724 dual	motorola moto c plus xt-1723	motorola moto c plus	motorola moto g5s plus dual	motorola moto g6 plus dual	motorola moto g6 plus dual	motorola moto g6 plus dual	motorola moto c plus xt1723 dual chip	moto c plus dual chip	motorola moto c plus xt1723 dual sim
iphone apple x	apple iphone x	apple iphone x	apple iphone x	apple iphone x
samsung galaxy s9+ dual chip	samsung galaxy s9+	samsung galaxy s9+
iphone x	iphone x	iphone x	iphone x	iphone x	iphone x	iphone x	iphone x
apple watch series 3 42mm lacrado	apple watch series 3 38mm lacrado nf
samsung galaxy a7	samsung a7 2017	samsung galaxy a7 2017
samsung galaxy j5 pro sm-j530g/ds
apple watch nike+ séries 3 38mm lacrado novo	apple watch nike+ séries 3 38mm lacrado	apple watch series 3 42mm lacrado	apple watch nike+ séries 3 42mm lacrado
apple watch nike+ séries 3 42mm lacrado	apple watch nike+ séries 3 38mm lacrado	apple watch nike+ séries 3 42mm lacrado
apple watch nike+ séries 3 42mm lacrado	apple watch nike+ séries 3 38mm lacrado novo	apple watch nike+ séries 3 42mm lacrado	apple watch series 3 38mm lacrado nf
motorola moto g5s plus xt1802	motorola moto g5s xt1792	motorola moto g5s plus xt1802	motorola moto g5s plus xt1802	motorola moto g5s xt1792	motorola moto g5s	motorola moto g5s plus dual	motorola moto g5s plus	motorola moto g5s plus	motorola moto g5s plus xt1805	motorola moto g5s plus
motorola moto c plus xt1726	motorola moto g6 plus dual	motorola moto c plus	motorola moto c plus	motorola moto c plus dual sim	motorola moto c plus xt1724 dual	motorola c plus xt1723 dual	motorola moto g5s plus xt1805	motorola moto e5 plus grafite	moto c plus dual chip
apple watch series 3 42mm lacrado	apple watch series 3 38mm lacrado nf
samsung galaxy j5 pro sm-j530g/ds
iphone x 256
samsung galaxy a7 2017 a720f
apple watch series 3 42mm nike	apple watch series 3 42mm gps garantia apple	apple watch series 3 42mm nike	apple watch series 3 42mm nike	apple watch series 3 42mm lacrado
novo xiaomi mi a2	xiaomi mi a2 dualsim 4gb/32gb	xiaomi mi a2 dualsim 4gb/32gb	xiaomi mi a2 dual sim	xiaomi mi a2	xiaomi mi a2 dual sim
samsung galaxy j2 prime tv	samsung galaxy j2 prime tv	samsung galaxy j5 prime	samsung galaxy j5 prime	samsung galaxy j5 prime	samsung galaxy j5 prime	samsung galaxy j7 prime 2	samsung galaxy j7 prime 2	samsung galaxy j7 prime 2	samsung galaxy j7 prime 2	samsung galaxy j7 prime 2	samsung galaxy j7 prime 2	samsung galaxy j7 prime 2	samsung galaxy j7 prime 2	samsung galaxy j5 pro sm-j530g/ds	samsung galaxy j5 prime
xiaomi mi a2 dualsim 4gb/32gb	xiaomi mi a2 dualsim 4gb/32gb	xiaomi mi a2 dual sim	xiaomi mi a2 dual sim
novo xiaomi redmi note 5	original xiaomi redmi note 5	xiaomi redmi note 5 pro
motorola moto g6 play xt1922	motorola moto g6 plus dual	motorola moto g6 play xt1922	motorola moto g6 play	motorola moto g6 play	motorola moto g6 play	motorola moto g6 play	motorola moto g6 play	motorola moto g6 play	motorola moto g6 play	motorola moto g6 play	motorola moto g6 play	motorola moto g6 play
samsung galaxy pocket plus s5301	samsung galaxy s9 plus	samsung galaxy a8 plus 6	samsung galaxy s9+ s9 plus anatel	samsung galaxy s9 plus	samsung galaxy s9 plus
samsung galaxy j2 prime tv	samsung galaxy j2 prime tv	samsung galaxy j5 prime	samsung galaxy j5 prime	samsung galaxy j5 prime	samsung galaxy j5 prime	samsung galaxy j7 prime 2	samsung galaxy j7 prime 2	samsung galaxy j7 prime 2	samsung galaxy j7 prime 2	samsung galaxy j7 prime 2	samsung galaxy j7 prime 2	samsung galaxy j7 prime 2	samsung galaxy j7 prime 2	samsung galaxy j5 pro sm-j530g/ds	samsung galaxy j5 prime
motorola moto g6 play xt1922	motorola moto g6 plus dual	motorola moto g6 play xt1922	motorola moto g6 play	motorola moto g6 play	motorola moto g6 play	motorola moto g6 play	motorola moto g6 play	motorola moto g6 play	motorola moto g6 play	motorola moto g6 play	motorola moto g6 play	motorola moto g6 play
motorola moto z2 play xt1710	motorola moto z2 play xt1710	motorola moto z2 play xt1710	motorola moto g6 play xt1922	motorola moto g6 play xt1922	motorola moto g6 plus xt1926	motorola moto z3 play gamepad	motorola moto g6 play xt1922	motorola moto g6 plus dual	motorola moto g6 play xt1922	motorola moto g6 play	motorola moto g6 play	motorola moto g6 play	motorola moto g6 plus dual	motorola moto g6 play	motorola moto g6 play	motorola moto g6 play	moto g6 play dual chip	motorola moto g6 plus dual	motorola moto g6 play	motorola moto g6 play	motorola moto g6 play	motorola moto g6 play	motorola moto g6 play	motorola moto g6 play	motorola moto g6 play	motorola moto g6 plus dual	motorola moto g6 play
motorola moto c plus xt1726	motorola moto g5s plus xt1802	motorola moto g5s plus xt1802	motorola moto g5s plus xt1802	motorola moto g6 play xt1922	motorola moto g6 play xt1922	motorola moto g6 plus xt1926	motorola moto c plus xt1726	motorola moto g6 play xt1922	motorola moto g6 plus dual	motorola moto g6 play xt1922	motorola moto c plus xt-1723	motorola moto g5s plus dual	motorola moto g6 plus	motorola moto g6 plus	motorola moto g6 plus dual	motorola moto g6 plus dual	motorola moto g6 plus	motorola moto g6 plus dual	motorola moto g5s plus xt1805	motorola moto e5 plus grafite	motorola moto g6 plus	motorola moto g6 plus	motorola moto g6 plus	motorola moto e4 plus biometria	motorola moto g6 plus
motorola moto c plus xt1726	motorola moto g6 plus dual	motorola moto c plus	motorola moto c plus	motorola moto c plus dual sim	motorola moto c plus xt1724 dual	motorola c plus xt1723 dual	motorola moto g5s xt1792 anatel	motorola moto g6 plus	motorola moto g6 plus	motorola moto g5s plus	motorola moto g5s plus	motorola moto g5s plus dual sim	motorola xt1900 moto x4 dual	motorola moto g6 plus	motorola moto g5s plus xt1805	motorola moto e5 plus grafite	motorola moto g6 plus	motorola moto g6 plus	moto g5s plus	moto c plus dual chip	motorola moto g5s plus	motorola g5s plus
motorola moto c plus xt1726	motorola moto g5s plus xt1802	motorola moto g5s plus xt1802	motorola moto g5s plus xt1802	motorola moto g6 play xt1922	motorola moto g6 play xt1922	motorola moto g6 plus xt1926	motorola moto c plus xt1726	motorola moto g6 play xt1922	motorola moto g6 plus dual	motorola moto g6 play xt1922	motorola moto c plus xt-1723	motorola moto g6 plus	motorola moto g5s plus dual	motorola moto g6 plus	motorola moto g6 plus dual	motorola moto g6 plus dual	motorola moto g6 plus	motorola moto g6 plus dual	motorola moto g5s plus xt1805	motorola moto e5 plus grafite	motorola moto g6 plus	motorola moto g6 plus	motorola moto g6 plus	motorola moto e4 plus biometria	motorola moto g6 plus
iphone apple 8	apple iphone 8	apple iphone 8
samsung galaxy j2 prime tv	samsung galaxy j2 prime tv	samsung galaxy j7 neo	samsung galaxy j7 neo	samsung galaxy j7 prime 2 dual chip	samsung galaxy j5 prime	samsung galaxy j7 neo	samsung galaxy j7 neo	samsung galaxy j7 pro	samsung galaxy j7 pro	samsung galaxy j7 pro	samsung galaxy j7 prime g610f |	samsung galaxy j5 prime	samsung galaxy j5 prime	samsung galaxy j2 prime	samsung galaxy j5 prime	samsung galaxy j5 prime	samsung galaxy j7 neo tv	samsung galaxy j7 neo	samsung galaxy j7 neo	samsung galaxy j7 prime 2	samsung galaxy j7 prime 2	samsung galaxy j7 prime 2	samsung galaxy j7 prime 2	samsung galaxy j7 prime 2	samsung galaxy j7 prime 2	samsung galaxy j7 prime 2	samsung galaxy j7 prime	samsung galaxy j7 pro	samsung galaxy j5 prime	samsung galaxy j7 prime 2 /	samsung galaxy j7 prime 2 tv
iphone 6 plus	iphone 6 plus	iphone 6 plus
samsung galaxy j7 pro	samsung galaxy j7 pro	samsung galaxy j7 prime 2	samsung galaxy j7 neo	samsung galaxy j7 neo	samsung galaxy j7 prime 2	samsung galaxy j7 prime 2	samsung galaxy j7 prime 2	samsung galaxy j7 prime 2	samsung galaxy j7 prime 2	samsung galaxy j7 prime 2	samsung galaxy j7 prime 2	samsung galaxy j7 prime	samsung galaxy j7 prime 2 tv
iphone 8 plus	iphone 8 plus	iphone 8 plus	iphone 8 plus	iphone 8 plus	iphone 8 plus
samsung galaxy s9+ dual chip	samsung galaxy s9+	samsung galaxy s9+
motorola moto z2 play xt1710	motorola moto z2 play xt1710	motorola moto z2 play xt1710	motorola moto z2 play xt1710 4gb/64gb
iphone 8 apple plus	iphone 8 apple plus	iphone 8 apple plus	iphone 8 apple plus	iphone 8 apple plus	iphone 8 apple plus	iphone 8 plus apple	iphone 8 plus apple	apple iphone 8 plus	iphone 8 apple plus	apple iphone 8 plus	apple iphone 8 plus	iphone 8 plus apple	iphone 8 apple plus	apple iphone 8 plus	apple iphone 8 plus	apple iphone 8 plus	apple iphone 8 plus
motorola moto c plus xt1726	motorola moto g6 play xt1922	motorola moto g6 plus dual	motorola moto g6 play xt1922	motorola moto g6 plus	motorola moto g6 plus	motorola moto g6 plus	motorola moto g5s plus xt1805	motorola moto e5 plus grafite	motorola moto g6 plus	motorola moto g6 plus
motorola moto z2 play xt1710	motorola moto z2 play xt1710	motorola moto z2 play xt1710	motorola moto g6 play xt1922	motorola moto g6 play xt1922	motorola moto g6 plus xt1926	motorola moto z3 play gamepad	motorola moto g6 play xt1922	motorola moto g6 plus dual	motorola moto g6 play xt1922	motorola moto g6 play	motorola moto g6 play	motorola moto g6 play	motorola moto g6 plus dual	motorola moto g6 play	motorola moto g6 play	motorola moto g6 play	moto g6 play dual chip	motorola moto g6 plus dual	motorola moto g6 play	motorola moto g6 play	motorola moto g6 play	motorola moto g6 play	motorola moto g6 play	motorola moto g6 play	motorola moto g6 play	motorola moto g6 plus dual	motorola moto g6 play
apple watch series 3 42mm nike	apple watch series 3 42mm gps garantia apple	apple watch series 3 42mm nike	apple watch series 3 42mm nike	apple watch series 3 38mm nike	apple watch nike+ séries 3 42mm lacrado	apple watch series 3 38mm nike	apple watch série 3 42mm gps	apple watch nike+ séries 3 42mm lacrado	apple watch series 3 38mm lacrado nf
motorola moto c plus xt1726	motorola moto g6 play xt1922	motorola moto g6 plus dual	motorola moto g6 play xt1922	motorola moto c plus	motorola moto c plus	motorola moto c plus dual sim	motorola moto c plus xt1724 dual	motorola c plus xt1723 dual	motorola moto g6 play	motorola moto g6 plus	motorola moto g6 plus	motorola moto g6 play	motorola moto g6 play	motorola moto g6 play	motorola xt1925-3 moto g6	motorola moto g5s plus	motorola moto g5s plus	motorola moto g5s plus dual sim	motorola xt1900 moto x4 dual	motorola moto g6 play	motorola moto g6 plus	motorola moto g6 play	motorola moto g6 play	motorola moto g6 play	motorola moto g6 play	motorola moto g5s plus xt1805	motorola moto g6 play	motorola moto e5 plus grafite	motorola moto g6 plus	motorola moto g6 plus	moto c plus dual chip	motorola moto g5s plus
motorola moto z2 play xt1710	motorola moto z2 play xt1710	motorola moto z2 play xt1710	motorola moto g6 play xt1922	motorola moto g6 play xt1922	motorola moto g6 plus xt1926	motorola moto z3 play gamepad	motorola moto g6 play xt1922	motorola moto g6 plus dual	motorola moto g6 play xt1922	motorola moto g6 play	motorola moto g6 play	motorola moto g6 play	motorola moto g6 play	motorola moto g6 plus dual	motorola moto g6 play	motorola moto g6 play	moto g6 play dual chip	motorola moto g6 plus dual	motorola moto g6 play	motorola moto g6 play	motorola moto g6 play	motorola moto g6 play	motorola moto g6 play	motorola moto g6 play	motorola moto g6 play	motorola moto g6 plus dual	motorola moto g6 play
motorola moto c plus xt1726	motorola moto c plus xt1726	motorola moto c plus xt-1723
samsung galaxy s9 plus	samsung galaxy a8 plus 6	samsung galaxy s9+ s9 plus anatel	samsung galaxy s9 plus	samsung galaxy s9 plus
motorola moto g6 play xt1922	motorola moto g6 plus dual	motorola moto g6 play xt1922	motorola moto g6 play	motorola moto g6 play	motorola moto g6 play	motorola moto g6 play	motorola moto g6 play	motorola moto g6 play	motorola moto g6 play	motorola moto g6 play	motorola moto g6 play	motorola moto g6 play
motorola moto z2 play power edition	motorola moto z2 play sound edition	motorola moto z2 play sound edition	motorola moto z2 play projector edition	motorola moto z2 play xt1710	motorola moto z2 play xt1710	motorola moto z2 play power edition	motorola moto z2 play xt1710	motorola moto z2 play gamepad edition	motorola moto g6 play xt1922	motorola moto g6 play xt1922	motorola moto z3 play gamepad	motorola moto g6 play xt1922	motorola moto g6 play xt1922	motorola moto z2 play xt1710 4gb/64gb
motorola moto z2 play xt1710	motorola moto z2 play xt1710	motorola moto z2 play xt1710	motorola moto g6 play xt1922	motorola moto g6 play xt1922	motorola moto g6 plus xt1926	motorola moto z3 play gamepad	motorola moto g6 play xt1922	motorola moto g6 plus dual	motorola moto g6 play xt1922	motorola moto g6 play	motorola moto g6 play	motorola moto g6 play	motorola moto g6 play	motorola moto g6 plus dual	motorola moto g6 play	motorola moto g6 play	moto g6 play dual chip	motorola moto g6 plus dual	motorola moto g6 play	motorola moto g6 play	motorola moto g6 play	motorola moto g6 play	motorola moto g6 play	motorola moto g6 play	motorola moto g6 play	motorola moto g6 plus dual	motorola moto g6 play
apple watch nike+ séries 3 42mm lacrado	apple watch nike+ séries 3 38mm lacrado novo	apple watch nike+ séries 3 38mm lacrado	apple watch series 3 42mm lacrado
motorola moto g6 play xt1922	motorola moto g6 play xt1922	motorola moto g6 plus xt1926	motorola moto g6 play xt1922	motorola moto g6 plus dual	motorola moto g6 play xt1922	motorola moto g6 plus dual	motorola moto g6 plus dual	motorola moto g6 plus dual
samsung galaxy j7 neo	samsung galaxy j7 neo	samsung galaxy j7 neo	samsung galaxy j7 neo	samsung galaxy j7 prime 2	samsung galaxy j7 neo tv	samsung galaxy j7 neo	samsung galaxy j7 prime 2	samsung galaxy j7 prime 2	samsung galaxy j7 prime 2	samsung galaxy j7 prime 2	samsung galaxy j7 prime 2	samsung galaxy j7 prime 2	samsung galaxy j7 prime 2
samsung galaxy j7 neo	samsung galaxy j7 neo	samsung galaxy j7 neo	samsung galaxy j7 neo	samsung galaxy j7 prime 2	samsung galaxy j7 neo tv	samsung galaxy j7 neo	samsung galaxy j7 prime 2	samsung galaxy j7 prime 2	samsung galaxy j7 prime 2	samsung galaxy j7 prime 2	samsung galaxy j7 prime 2	samsung galaxy j7 prime 2	samsung galaxy j7 prime 2
xiaomi redmi 6	xiaomi redmi 6
sony xperia xa1 g3116	sony xperia xa1 plus g3426	sony xperia xa1 plus g3426
motorola moto g6 play xt1922	motorola moto g6 plus dual	motorola moto g6 play xt1922	motorola moto g6 play	motorola moto g6 play	motorola moto g6 play	motorola moto g6 play	motorola moto g6 play	motorola moto g6 play	motorola moto g6 play	motorola moto g6 play	motorola moto g6 play	motorola moto g6 play	moto c plus dual chip
apple iphone 6	apple iphone 6
lg k10 novo m250ds	lg k10 novo m250ds	lg k10 m250ds novo	lg k10 power novo m320tv
galaxy j7 pro	galaxy j7 pro	galaxy j7 pro
motorola moto c plus xt1726	motorola moto g5s plus xt1802	motorola moto g5s plus xt1802	motorola moto g5s plus xt1802	motorola moto g6 plus xt1926	motorola moto c plus xt1726	motorola moto g6 plus dual	motorola moto c plus xt-1723	motorola moto g5s xt1792 anatel	motorola moto g5s plus dual	motorola moto g6 plus dual	motorola moto g5s plus	motorola moto g5s plus dual sim	motorola moto g6 plus dual	motorola moto g6 plus dual	motorola moto g5s plus xt1805	motorola moto e5 plus grafite	motorola moto g5s plus	motorola moto e4 plus biometria
motorola moto c plus xt1726	motorola moto g5s plus xt1802	motorola moto g5s plus xt1802	motorola moto g5s plus xt1802	motorola moto g6 plus xt1926	motorola moto c plus xt1726	motorola moto g6 plus dual	motorola moto c plus xt-1723	motorola moto g5s xt1792 anatel	motorola moto g5s plus dual	motorola moto g6 plus dual	motorola moto g5s plus	motorola moto g5s plus dual sim	motorola moto g6 plus dual	motorola moto g6 plus dual	motorola moto g5s plus xt1805	motorola moto e5 plus grafite	motorola moto g5s plus	motorola moto e4 plus biometria
alcatel a3 xl max 3gb/32gb 9008n
motorola moto g5s plus xt1802	motorola moto g5s plus xt1802	motorola moto g5s plus xt1802	motorola moto g6 plus dual	motorola moto c plus dual sim	motorola moto c plus xt1724 dual sim	motorola moto c plus xt1724 dual	motorola moto g5s plus dual	motorola moto g6 plus dual	motorola moto g5s plus	motorola moto g5s plus	motorola moto g6 plus dual	motorola moto g6 plus dual	motorola moto g5s plus xt1805	motorola moto g5 xt1677 dual sim	motorola moto g5s plus	motorola moto g5s xt1794 dual sim	motorola moto c plus xt1723 dual sim
xiaomi redmi note 4	novo xiaomi redmi note 5	original xiaomi redmi note 5	xiaomi redmi note 5 pro
lg k4	lg k4	lg k4
samsung galaxy j2 prime tv	samsung galaxy j2 prime tv	samsung galaxy j7 neo	samsung galaxy j7 neo	samsung galaxy j7 prime 2 dual chip	samsung galaxy j5 prime	samsung galaxy j7 neo	samsung galaxy j7 neo	samsung galaxy j7 pro	samsung galaxy j7 pro	samsung galaxy j7 pro	samsung galaxy j7 prime g610f |	samsung galaxy j5 prime	samsung galaxy j5 prime	samsung galaxy j2 prime	samsung galaxy j5 prime	samsung galaxy j5 prime	samsung galaxy j7 prime 2	samsung galaxy j7 neo tv	samsung galaxy j7 neo	samsung galaxy j7 neo	samsung galaxy j7 prime 2	samsung galaxy j7 prime 2	samsung galaxy j7 prime 2	samsung galaxy j7 prime 2	samsung galaxy j7 prime 2	samsung galaxy j7 prime 2	samsung galaxy j7 prime	samsung galaxy j7 pro	samsung galaxy j5 prime	samsung galaxy j7 prime 2 /	samsung galaxy j7 prime 2 tv
samsung galaxy j2 prime tv	samsung galaxy j2 prime tv	samsung galaxy j7 neo	samsung galaxy j7 neo	samsung galaxy j7 prime 2 dual chip	samsung galaxy j5 prime	samsung galaxy j7 neo	samsung galaxy j7 neo	samsung galaxy j7 pro	samsung galaxy j7 pro	samsung galaxy j7 pro	samsung galaxy j7 prime g610f |	samsung galaxy j5 prime	samsung galaxy j5 prime	samsung galaxy j2 prime	samsung galaxy j5 prime	samsung galaxy j5 prime	samsung galaxy j7 prime 2	samsung galaxy j7 neo tv	samsung galaxy j7 neo	samsung galaxy j7 neo	samsung galaxy j7 prime 2	samsung galaxy j7 prime 2	samsung galaxy j7 prime 2	samsung galaxy j7 prime 2	samsung galaxy j7 prime 2	samsung galaxy j7 prime 2	samsung galaxy j7 prime	samsung galaxy j7 pro	samsung galaxy j5 prime	samsung galaxy j7 prime 2 /	samsung galaxy j7 prime 2 tv
samsung galaxy j2 prime tv	samsung galaxy j2 prime tv	samsung galaxy j7 neo	samsung galaxy j7 neo	samsung galaxy j7 prime 2 dual chip	samsung galaxy j5 prime	samsung galaxy j7 neo	samsung galaxy j7 neo	samsung galaxy j7 pro	samsung galaxy j7 pro	samsung galaxy j7 pro	samsung galaxy j7 prime g610f |	samsung galaxy j5 prime	samsung galaxy j5 prime	samsung galaxy j2 prime	samsung galaxy j5 prime	samsung galaxy j5 prime	samsung galaxy j7 prime 2	samsung galaxy j7 neo tv	samsung galaxy j7 neo	samsung galaxy j7 neo	samsung galaxy j7 prime 2	samsung galaxy j7 prime 2	samsung galaxy j7 prime 2	samsung galaxy j7 prime 2	samsung galaxy j7 prime 2	samsung galaxy j7 prime 2	samsung galaxy j7 prime	samsung galaxy j7 pro	samsung galaxy j5 prime	samsung galaxy j7 prime 2 /	samsung galaxy j7 prime 2 tv
lg k4	lg k4	lg k4
apple watch series 3 38mm nike	apple watch nike+ séries 3 38mm lacrado	apple watch series 3 38mm nike	apple watch series 3 42mm lacrado
apple iphone 6	apple iphone 6
motorola moto c plus xt1726	motorola moto g6 play xt1922	motorola moto g6 plus dual	motorola moto g6 play xt1922	motorola moto c plus	motorola moto c plus	motorola moto c plus dual sim	motorola moto c plus xt1724 dual	motorola c plus xt1723 dual	motorola moto g6 play	motorola moto g6 plus	motorola moto g6 plus	motorola moto g6 play	motorola moto g6 play	motorola moto g6 play	motorola xt1925-3 moto g6	motorola moto g5s plus	motorola moto g5s plus	motorola moto g5s plus dual sim	motorola xt1900 moto x4 dual	motorola moto g6 play	motorola moto g6 plus	motorola moto g6 play	motorola moto g6 play	motorola moto g6 play	motorola moto g6 play	motorola moto g5s plus xt1805	motorola moto g6 play	motorola moto e5 plus grafite	motorola moto g6 plus	motorola moto g6 plus	moto c plus dual chip	motorola moto g5s plus
xiaomi redmi note 5 pro
samsung galaxy core plus	samsung galaxy a8 plus	samsung galaxy a8 plus	samsung galaxy a8 plus	samsung galaxy s9 plus	samsung galaxy s9 plus	samsung galaxy s9 plus	samsung galaxy pocket plus s5301	samsung galaxy a8 2018 sm-a530f	samsung galaxy s9 plus	samsung galaxy s9 plus	samsung galaxy a8 plus 2018 sm-a730f	samsung galaxy a8 plus 2018 sm-a730f	samsung galaxy s9 plus	samsung galaxy s9+ plus	samsung galaxy s9 plus
apple iphone 8 plus	iphone 8 apple plus	apple iphone 8 plus	apple iphone 8 plus	iphone 8 apple plus	apple iphone 8 plus	apple iphone 8 plus	apple iphone 8 plus	apple iphone 8 plus
iphone 8 apple plus	iphone 8 apple plus	iphone 8 apple plus	iphone 8 apple plus	iphone 8 apple plus	iphone 8 apple plus	iphone 8 plus apple	iphone 8 plus apple	apple iphone 8 plus	iphone 8 apple plus	apple iphone 8 plus	apple iphone 8 plus	apple iphone 8 plus	iphone 8 plus apple	apple iphone 8 plus	apple iphone 8 plus	apple iphone 8 plus	apple iphone 8 plus
motorola moto z3 play gamepad	motorola moto z3 play	motorola moto z3 play	motorola moto z3 play	motorola moto z3 play	motorola moto z3 play	motorola moto z3 play
motorola moto g6 plus dual	motorola moto g5s plus dual	motorola moto g6 plus dual	motorola moto g6 plus dual	motorola moto g6 plus dual
motorola moto z2 play xt1710	motorola moto z2 play xt1710	motorola moto z2 play xt1710	motorola moto g6 play xt1922	motorola moto g6 play xt1922	motorola moto g6 plus xt1926	motorola moto z3 play gamepad	motorola moto g6 play xt1922	motorola moto g6 plus dual	motorola moto g6 play xt1922	motorola moto g6 play	motorola moto g6 play	motorola moto g6 play	motorola moto g6 play	motorola moto g6 plus dual	motorola moto g6 play	motorola moto g6 play	motorola moto g6 play	moto g6 play dual chip	motorola moto g6 plus dual	motorola moto g6 play	motorola moto g6 play	motorola moto g6 play	motorola moto g6 play	motorola moto g6 play	motorola moto g6 play	motorola moto g6 plus dual	motorola moto g6 play
iphone 8	iphone 8	iphone 8
motorola moto g6 play xt1922	motorola moto g6 play xt1922	motorola moto g6 play xt1922	motorola moto g6 play xt1922
motorola moto z2 play xt1710	motorola moto z2 play xt1710	motorola moto z2 play xt1710	motorola moto g6 play xt1922	motorola moto g6 play xt1922	motorola moto z3 play gamepad	motorola moto g6 play xt1922	motorola moto g6 play xt1922	motorola moto z3 play stereo speaker	motorola moto z3 play	motorola moto z3 play	motorola moto z3 play	motorola moto z3 play	motorola moto z3 play
iphone 6	iphone 6	iphone 6	iphone 6	iphone 6	iphone 6	iphone 6	iphone 6	iphone 6
samsung galaxy s8
motorola moto z2 play xt1710	motorola moto z2 play xt1710	motorola moto z2 play xt1710	motorola moto g6 play xt1922	motorola moto g6 play xt1922	motorola moto z3 play gamepad	motorola moto g6 play xt1922	motorola moto g6 play xt1922	motorola moto z3 play stereo speaker	motorola moto z3 play	motorola moto z3 play	motorola moto z3 play	motorola moto z3 play	motorola moto z3 play
motorola moto z2 play xt1710	motorola moto z2 play xt1710	motorola moto z2 play xt1710	motorola moto g6 play xt1922	motorola moto g6 play xt1922	motorola moto z3 play gamepad	motorola moto g6 play xt1922	motorola moto g6 play xt1922	motorola moto z3 play stereo speaker	motorola moto z3 play	motorola moto z3 play	motorola moto z3 play	motorola moto z3 play	motorola moto z3 play
motorola moto c plus xt1726	motorola moto g5s plus xt1802	motorola moto g5s plus xt1802	motorola moto g5s plus xt1802	motorola moto g6 play xt1922	motorola moto g6 play xt1922	motorola moto g6 plus xt1926	motorola moto c plus xt1726	motorola moto g6 play xt1922	motorola moto g6 plus dual	motorola moto g6 play xt1922	motorola moto c plus xt-1723	motorola moto g6 plus	motorola moto g5s plus dual	motorola moto g6 plus	motorola moto g6 plus	motorola moto g6 plus dual	motorola moto g6 plus dual	motorola moto g6 plus dual	motorola moto g5s plus xt1805	motorola moto e5 plus grafite	motorola moto g6 plus	motorola moto g6 plus	motorola moto g6 plus	motorola moto e4 plus biometria	motorola moto g6 plus
motorola moto z2 play xt1710	motorola moto z2 play xt1710	motorola moto z2 play xt1710	motorola moto g6 play xt1922	motorola moto g6 play xt1922	motorola moto z3 play gamepad	motorola moto g6 play xt1922	motorola moto g6 play xt1922	motorola moto z3 play stereo speaker	motorola moto z3 play	motorola moto z3 play	motorola moto z3 play	motorola moto z3 play	motorola moto z3 play
samsung galaxy s9+	samsung galaxy s9+
novo xiaomi redmi note 5	original xiaomi redmi note 5	xiaomi redmi note 5 pro	xiaomi redmi note 5	xiaomi redmi note 5	xiaomi redmi note 5	xiaomi redmi note 5	xiaomi redmi note 5	xiaomi redmi note 5	xiaomi redmi note 5	xiaomi redmi note 5
xiaomi redmi note 4	xiaomi redmi note 5 pro
iphone 8 plus	iphone 8 plus	iphone 8 plus	iphone 8 plus	iphone 8 plus	iphone 8 plus
motorola moto z2 play xt1710	motorola moto z2 play xt1710	motorola moto z2 play xt1710	motorola moto g6 play xt1922	motorola moto g6 play xt1922	motorola moto g6 plus xt1926	motorola moto z3 play gamepad	motorola moto g6 play xt1922	motorola moto g6 plus dual	motorola moto g6 play xt1922	motorola moto g6 play	motorola moto g6 play	motorola moto g6 play	motorola moto g6 play	motorola moto g6 plus dual	motorola moto g6 play	motorola moto g6 play	motorola moto g6 play	moto g6 play dual chip	motorola moto g6 plus dual	motorola moto g6 play	motorola moto g6 play	motorola moto g6 play	motorola moto g6 play	motorola moto g6 play	motorola moto g6 play	motorola moto g6 plus dual	motorola moto g6 play
samsung galaxy j2 prime tv	samsung galaxy j2 prime tv	samsung galaxy j7 neo	samsung galaxy j7 neo	samsung galaxy j7 prime 2 dual chip	samsung galaxy j5 prime	samsung galaxy j7 neo	samsung galaxy j7 neo	samsung galaxy j7 pro	samsung galaxy j7 pro	samsung galaxy j7 pro	samsung galaxy j7 prime g610f |	samsung galaxy j5 prime	samsung galaxy j5 prime	samsung galaxy j2 prime	samsung galaxy j5 prime	samsung galaxy j5 prime	samsung galaxy j7 prime 2	samsung galaxy j7 neo tv	samsung galaxy j7 neo	samsung galaxy j7 neo	samsung galaxy j7 prime 2	samsung galaxy j7 prime 2	samsung galaxy j7 prime 2	samsung galaxy j7 prime 2	samsung galaxy j7 prime 2	samsung galaxy j7 prime 2	samsung galaxy j7 prime	samsung galaxy j7 pro	samsung galaxy j5 prime	samsung galaxy j7 prime 2 /	samsung galaxy j7 prime 2 tv
xiaomi redmi note 5 pro	xiaomi redmi note 5	xiaomi redmi note 5	xiaomi redmi note 5	xiaomi redmi note 5	xiaomi redmi note 5	xiaomi redmi note 5	xiaomi redmi note 5	xiaomi redmi note 5
caterpillar cat s60	caterpillar cat s60	caterpillar cat s60 dual chip	caterpillar cat s60 dual chip
motorola moto c plus xt1723 dual chip	motorola moto c plus xt1723 dual chip	motorola moto c plus xt1723 dual sim
samsung galaxy s6 edge sm-g925i	samsung galaxy s6 edge sm-g925i	samsung galaxy s7 edge	samsung g935 galaxy s7 edge	samsung galaxy s6 edge g925i
samsung j400m galaxy j4	samsung j400m galaxy j4	samsung j400m galaxy j4	samsung j400m galaxy j4	samsung j400m galaxy j4	samsung j400m galaxy j4	samsung j400m galaxy j4	samsung j400m galaxy j4	samsung j400m galaxy j4	samsung j400m galaxy j4	samsung galaxy j4 j400m	samsung j400m galaxy j4	samsung j400m galaxy j4
samsung j400m galaxy j4	samsung j400m galaxy j4	samsung j400m galaxy j4	samsung j400m galaxy j4	samsung j400m galaxy j4	samsung j400m galaxy j4	samsung j400m galaxy j4	samsung j400m galaxy j4	samsung j400m galaxy j4	samsung j400m galaxy j4	samsung galaxy j4 j400m	samsung j400m galaxy j4	samsung j400m galaxy j4
samsung j400m galaxy j4	samsung j400m galaxy j4	samsung j400m galaxy j4	samsung j400m galaxy j4	samsung j400m galaxy j4	samsung j400m galaxy j4	samsung j400m galaxy j4	samsung j400m galaxy j4	samsung j400m galaxy j4	samsung j400m galaxy j4	samsung galaxy j4 j400m	samsung j400m galaxy j4	samsung j400m galaxy j4
motorola moto g6 play xt1922	motorola moto g6 plus dual	motorola moto g6 play xt1922	motorola moto g6 play	motorola moto g6 play	motorola moto g6 play	motorola moto g6 play	motorola moto g6 play	motorola moto g6 play	motorola moto g6 play	motorola moto g6 play	motorola moto g6 play	motorola moto g6 play
iphone 8 plus	iphone 8 plus	iphone 8 plus	iphone 8 plus	iphone 8 plus	iphone 8 plus
iphone 8 plus	iphone 8 plus	iphone 8 plus	iphone 8 plus	iphone 8 plus	iphone 8 plus
xiaomi redmi note 5 pro	xiaomi redmi note 5	xiaomi redmi note 5	xiaomi redmi note 5	xiaomi redmi note 5	xiaomi redmi note 5	xiaomi redmi note 5	xiaomi redmi note 5	xiaomi redmi note 5
iphone 6	iphone 6	iphone 6	iphone 6	iphone 6	iphone 6	iphone 6	iphone 6	iphone 6
motorola moto z2 play xt1710	motorola moto z2 play xt1710	motorola moto z2 play xt1710	motorola moto g6 play xt1922	motorola moto g6 play xt1922	motorola moto g6 plus xt1926	motorola moto z3 play gamepad	motorola moto g6 play xt1922	motorola moto g6 plus dual	motorola moto g6 play xt1922	motorola moto g6 play	motorola moto g6 play	motorola moto g6 play	motorola moto g6 play	motorola moto g6 plus dual	motorola moto g6 play	motorola moto g6 play	motorola moto g6 play	moto g6 play dual chip	motorola moto g6 plus dual	motorola moto g6 play	motorola moto g6 play	motorola moto g6 play	motorola moto g6 play	motorola moto g6 play	motorola moto g6 play	motorola moto g6 plus dual	motorola moto g6 play
motorola moto z2 play xt1710	motorola moto z2 play xt1710	motorola moto z2 play xt1710	motorola moto g6 play xt1922	motorola moto g6 play xt1922	motorola moto g6 plus xt1926	motorola moto z3 play gamepad	motorola moto g6 play xt1922	motorola moto g6 plus dual	motorola moto g6 play xt1922	motorola moto g6 play	motorola moto g6 play	motorola moto g6 play	motorola moto g6 play	motorola moto g6 plus dual	motorola moto g6 play	motorola moto g6 play	motorola moto g6 play	moto g6 play dual chip	motorola moto g6 plus dual	motorola moto g6 play	motorola moto g6 play	motorola moto g6 play	motorola moto g6 play	motorola moto g6 play	motorola moto g6 play	motorola moto g6 plus dual	motorola moto g6 play
motorola moto z2 play xt1710	motorola moto z2 play xt1710	motorola moto z2 play xt1710	motorola moto g6 play xt1922	motorola moto g6 play xt1922	motorola moto g6 plus xt1926	motorola moto z3 play gamepad	motorola moto g6 play xt1922	motorola moto g6 plus dual	motorola moto g6 play xt1922	motorola moto g6 play	motorola moto g6 play	motorola moto g6 play	motorola moto g6 play	motorola moto g6 plus dual	motorola moto g6 play	motorola moto g6 play	motorola moto g6 play	moto g6 play dual chip	motorola moto g6 plus dual	motorola moto g6 play	motorola moto g6 play	motorola moto g6 play	motorola moto g6 play	motorola moto g6 play	motorola moto g6 play	motorola moto g6 plus dual	motorola moto g6 play
motorola moto g6 play xt1922	motorola moto g6 plus dual	motorola moto g6 play xt1922	motorola moto g6 play	motorola moto g6 play	motorola moto g6 play	motorola moto g6 play	motorola moto g6 play	motorola moto g6 play	motorola moto g6 play	motorola moto g6 play	motorola moto g6 play	motorola moto g6 play
iphone 8	iphone 8	iphone 8
motorola moto c plus xt1726	motorola moto g6 play xt1922	motorola moto g6 plus dual	motorola moto g6 play xt1922	motorola moto c plus	motorola moto c plus	motorola moto c plus dual sim	motorola moto c plus xt1724 dual	motorola c plus xt1723 dual	motorola moto g6 play	motorola moto g6 plus	motorola moto g6 plus	motorola moto g6 play	motorola moto g6 play	motorola moto g6 play	motorola xt1925-3 moto g6	motorola moto g5s plus	motorola moto g5s plus	motorola moto g5s plus dual sim	motorola xt1900 moto x4 dual	motorola moto g6 play	motorola moto g6 plus	motorola moto g6 play	motorola moto g6 play	motorola moto g6 play	motorola moto g6 play	motorola moto g5s plus xt1805	motorola moto g6 play	motorola moto e5 plus grafite	motorola moto g6 plus	motorola moto g6 plus	moto c plus dual chip	motorola moto g5s plus
iphone 7
motorola moto e4 plus	motorola moto c plus xt1726	motorola moto e4 plus	motorola moto e4 plus	motorola moto g5s plus xt1802	motorola moto g5s xt1792	motorola moto g5s plus xt1802	motorola moto g5s plus xt1802	motorola moto g5s xt1792	motorola moto g6 plus xt1926	motorola moto c plus xt1726	motorola moto g5s	motorola moto g6 plus dual	motorola moto c plus	motorola moto c plus	motorola moto c plus	motorola moto c plus xt-1723	motorola moto g5s xt1792 anatel	motorola moto c plus	motorola moto g6 plus	motorola moto g5s plus dual	motorola moto g6 plus	motorola moto g6 plus	motorola moto g6 plus dual	motorola moto g5s plus	motorola moto g5s plus	motorola moto g5s plus dual sim	motorola moto g6 plus dual	motorola moto g6 plus	motorola moto g6 plus dual	motorola moto e5 plus grafite	motorola moto g6 plus	motorola moto g6 plus	moto g5s plus	motorola moto g5s plus	motorola moto g6 plus	motorola moto e4 plus biometria	motorola g5s plus	motorola moto g6 plus
iphone apple x	apple iphone x	iphone apple x	apple iphone x	apple iphone x
motorola moto g6 play xt1922	motorola moto g6 play xt1922	motorola moto z3 play stereo speaker	motorola moto z3 play	motorola moto z3 play	motorola moto z3 play	motorola moto z3 play
motorola moto g6 play xt1922	motorola moto g6 play xt1922	motorola moto z3 play stereo speaker	motorola moto z3 play	motorola moto z3 play	motorola moto z3 play	motorola moto z3 play
iphone apple 8	apple iphone 8	apple iphone 8
cat caterpillar s60 lte	caterpillar cat s60	caterpillar cat s60	caterpillar cat s60 dual chip	caterpillar cat s60
samsung galaxy j5 pro sm-j530g dual chip preto	samsung galaxy j5 pro sm-j530g dual chip dourado
samsung galaxy j2 prime tv	samsung galaxy j2 prime tv	samsung galaxy j7 neo	samsung galaxy j7 neo	samsung galaxy j7 prime 2 dual chip	samsung galaxy j5 prime	samsung galaxy j7 neo	samsung galaxy j7 neo	samsung galaxy j7 pro	samsung galaxy j7 pro	samsung galaxy j7 pro	samsung galaxy j7 prime g610f |	samsung galaxy j5 prime	samsung galaxy j5 prime	samsung galaxy j2 prime	samsung galaxy j5 prime	samsung galaxy j5 prime	samsung galaxy j7 prime 2	samsung galaxy j7 neo tv	samsung galaxy j7 neo	samsung galaxy j7 neo	samsung galaxy j7 prime 2	samsung galaxy j7 prime 2	samsung galaxy j7 prime 2	samsung galaxy j7 prime 2	samsung galaxy j7 prime 2	samsung galaxy j7 prime 2	samsung galaxy j7 prime	samsung galaxy j7 pro	samsung galaxy j5 prime	samsung galaxy j7 prime 2 /	samsung galaxy j7 prime 2 tv
samsung galaxy j2 prime tv	samsung galaxy j2 prime tv	samsung galaxy j7 neo	samsung galaxy j7 neo	samsung galaxy j7 prime 2 dual chip	samsung galaxy j5 prime	samsung galaxy j7 neo	samsung galaxy j7 neo	samsung galaxy j7 pro	samsung galaxy j7 pro	samsung galaxy j7 pro	samsung galaxy j7 prime g610f |	samsung galaxy j5 prime	samsung galaxy j5 prime	samsung galaxy j2 prime	samsung galaxy j5 prime	samsung galaxy j5 prime	samsung galaxy j7 prime 2	samsung galaxy j7 neo tv	samsung galaxy j7 neo	samsung galaxy j7 neo	samsung galaxy j7 prime 2	samsung galaxy j7 prime 2	samsung galaxy j7 prime 2	samsung galaxy j7 prime 2	samsung galaxy j7 prime 2	samsung galaxy j7 prime 2	samsung galaxy j7 prime	samsung galaxy j7 pro	samsung galaxy j5 prime	samsung galaxy j7 prime 2 /	samsung galaxy j7 prime 2 tv
samsung j400m galaxy j4	samsung j400m galaxy j4	samsung j400m galaxy j4	samsung j400m galaxy j4	samsung j400m galaxy j4	samsung j400m galaxy j4	samsung j400m galaxy j4	samsung j400m galaxy j4	samsung j400m galaxy j4	samsung j400m galaxy j4	samsung galaxy j4 j400m	samsung j400m galaxy j4	samsung j400m galaxy j4
samsung j400m galaxy j4	samsung j400m galaxy j4	samsung j400m galaxy j4	samsung j400m galaxy j4	samsung j400m galaxy j4	samsung j400m galaxy j4	samsung j400m galaxy j4	samsung j400m galaxy j4	samsung j400m galaxy j4	samsung j400m galaxy j4	samsung galaxy j4 j400m	samsung j400m galaxy j4	samsung j400m galaxy j4
samsung j400m galaxy j4	samsung j400m galaxy j4	samsung j400m galaxy j4	samsung j400m galaxy j4	samsung j400m galaxy j4	samsung j400m galaxy j4	samsung j400m galaxy j4	samsung j400m galaxy j4	samsung j400m galaxy j4	samsung j400m galaxy j4	samsung galaxy j4 j400m	samsung j400m galaxy j4	samsung j400m galaxy j4
xiaomi mi a2 4gb/64gb dual sim	xiaomi mi a2 4gb/64gb dual sim	xiaomi mi a2 4gb/64gb dual sim	xiaomi mi a2 dual sim	xiaomi mi a2 dual sim
motorola moto z2 play xt1710	motorola moto z2 play xt1710	motorola moto z2 play xt1710	motorola moto g6 play xt1922	motorola moto g6 play xt1922	motorola moto g6 plus xt1926	motorola moto z3 play gamepad	motorola moto g6 play xt1922	motorola moto g6 plus dual	motorola moto g6 play xt1922	motorola moto g6 play	motorola moto g6 play	motorola moto g6 play	motorola moto g6 play	motorola moto g6 plus dual	motorola moto g6 play	motorola moto g6 play	motorola moto g6 play	moto g6 play dual chip	motorola moto g6 plus dual	motorola moto g6 play	motorola moto g6 play	motorola moto g6 play	motorola moto g6 play	motorola moto g6 play	motorola moto g6 play	motorola moto g6 play	motorola moto g6 plus dual
motorola moto e4 plus	motorola moto c plus xt1726	motorola moto e4 plus	motorola moto e4 plus	motorola moto g5s plus xt1802	motorola moto g5s plus xt1802	motorola moto g5s plus xt1802	motorola moto g6 plus xt1926	motorola moto e5 xt1944	motorola moto e5 xt1944	motorola moto c plus xt1726	motorola moto g6 plus dual	motorola moto c plus	motorola moto c plus	motorola moto c plus	motorola moto c plus xt-1723	motorola moto c plus	motorola moto g6 plus	motorola moto g5s plus dual	motorola moto g6 plus	motorola moto g6 plus	motorola moto g6 plus dual	motorola moto g5s plus	motorola moto g5s plus	motorola moto g6 plus dual	motorola moto g6 plus	motorola moto g6 plus dual	motorola moto g5s plus xt1805	motorola moto g6 plus	motorola moto g6 plus	motorola moto g5s plus	motorola moto g6 plus	motorola moto e5 xt1944-4	motorola moto e4 plus biometria	motorola moto g6 plus
iphone apple 8	apple iphone 8	apple iphone 8
xiaomi redmi 5 plus	xiaomi redmi note 4	xiaomi redmi note 5	xiaomin redmi note 5	xiaomi redmi note 5 pro	xiaomi redmi note 5	xiaomi redmi note 5	xiaomi redmi note 5	xiaomi redmi note 5	xiaomi redmi note 5	xiaomi redmi note 5	xiaomi redmi note 5	xiaomi redmi note 4x	xiaomi redmi note 5	xiaomi redmi note 5
xiaomi redmi 5 plus	xiaomi redmi note 4	xiaomi redmi note 5	xiaomin redmi note 5	xiaomi redmi note 5 pro	xiaomi redmi note 5	xiaomi redmi note 5	xiaomi redmi note 5	xiaomi redmi note 5	xiaomi redmi note 5	xiaomi redmi note 5	xiaomi redmi note 5	xiaomi redmi note 4x	xiaomi redmi note 5	xiaomi redmi note 5
samsung galaxy j2 prime tv	samsung galaxy j2 prime tv	samsung galaxy j7 neo	samsung galaxy j7 neo	samsung galaxy j7 prime 2 dual chip	samsung galaxy j5 prime	samsung galaxy j7 neo	samsung galaxy j7 neo	samsung galaxy j7 pro	samsung galaxy j7 pro	samsung galaxy j7 pro	samsung galaxy j7 prime g610f |	samsung galaxy j5 prime	samsung galaxy j5 prime	samsung galaxy j2 prime	samsung galaxy j5 prime	samsung galaxy j5 prime	samsung galaxy j7 prime 2	samsung galaxy j7 neo tv	samsung galaxy j7 neo	samsung galaxy j7 neo	samsung galaxy j7 prime 2	samsung galaxy j7 prime 2	samsung galaxy j7 prime 2	samsung galaxy j7 prime 2	samsung galaxy j7 prime 2	samsung galaxy j7 prime 2	samsung galaxy j7 prime	samsung galaxy j7 pro	samsung galaxy j5 prime	samsung galaxy j7 prime 2 /	samsung galaxy j7 prime 2 tv
novo xiaomi redmi note 5	original xiaomi redmi note 5	xiaomi redmi note 5 pro	xiaomin redmi note 5
xiaomi redmi note 5	xiaomi redmi note 5	xiaomi redmi 5 plus	xiaomi redmi note 4	xiaomi redmi 5	xiaomi redmi note 5	xiaomi redmi note 4	xiaomi redmi note 5	xiaomi redmi note 5	novo xiaomi redmi note 5	original xiaomi redmi note 5	xiaomin redmi note 5	xiaomi redmi note 5	xiaomi redmi note 5	xiaomi redmi note 5	xiaomi redmi note 5	xiaomi redmi note 5	xiaomi redmi note 5	xiaomi redmi note 5	xiaomi redmi note 5	xiaomi redmi note 4x	xiaomi redmi note 5	xiaomin redmi note 5	xiaomi redmi note 4x	xiaomi redmi note 5	xiaomi redmi note 5
iphone 6	iphone 6	iphone 6	iphone 6	iphone 6	iphone 6	iphone 6	iphone 6	iphone 6
iphone 6	iphone 6	iphone 6	iphone 6	iphone 6	iphone 6	iphone 6	iphone 6	iphone 6
motorola moto c plus xt1726	motorola moto g5s plus xt1802	motorola moto g5s plus xt1802	motorola moto g5s plus xt1802	motorola moto g6 play xt1922	motorola moto g6 play xt1922	motorola moto g6 plus xt1926	motorola moto c plus xt1726	motorola moto g6 play xt1922	motorola moto g6 plus dual	motorola moto g6 play xt1922	motorola moto c plus xt-1723	motorola moto g6 plus	motorola moto g5s plus dual	motorola moto g6 plus	motorola moto g6 plus	motorola moto g6 plus dual	motorola moto g6 plus dual	motorola moto g6 plus	motorola moto g6 plus dual	motorola moto g5s plus xt1805	motorola moto e5 plus grafite	motorola moto g6 plus	motorola moto g6 plus	motorola moto e4 plus biometria	motorola moto g6 plus
samsung galaxy s5 duos sm-g900	samsung galaxy s5 original g900m original	samsung galaxy s5 g900 original
motorola moto c plus xt1723 dual sim lte	motorola moto c plus xt1724 dual sim	motorola moto c plus xt1723 dual chip	motorola moto c plus xt1724 dual	motorola c plus xt1723 dual	motorola moto c plus xt1723 dualchip16gb original	moto c plus dual chip	motorola moto c plus xt1723 dual sim
motorola moto c plus xt1726	motorola moto g5s plus xt1802	motorola moto g5s plus xt1802	motorola moto g5s plus xt1802	motorola moto g6 play xt1922	motorola moto g6 play xt1922	motorola moto g6 plus xt1926	motorola moto c plus xt1726	motorola moto g6 play xt1922	motorola moto g6 plus dual	motorola moto g6 play xt1922	motorola moto c plus xt-1723	motorola moto g6 plus	motorola moto g5s plus dual	motorola moto g6 plus	motorola moto g6 plus	motorola moto g6 plus dual	motorola moto g6 plus dual	motorola moto g6 plus	motorola moto g6 plus dual	motorola moto g5s plus xt1805	motorola moto e5 plus grafite	motorola moto g6 plus	motorola moto g6 plus	motorola moto e4 plus biometria	motorola moto g6 plus
samsung galaxy s9 plus	samsung galaxy s9 plus	samsung galaxy s9 plus	samsung galaxy s9 plus	samsung galaxy s9 plus	samsung galaxy s9 plus	samsung galaxy s9+ plus	samsung galaxy s9 plus
motorola moto g5s plus dual	motorola moto g5s plus xt1805
xiaomi redmi note 5 pro	xiaomi redmi note 5	xiaomi redmi note 5	xiaomi redmi note 5	xiaomi redmi note 5	xiaomi redmi note 5	xiaomi redmi note 5	xiaomi redmi note 5	xiaomi redmi note 5
motorola moto c plus xt1726	motorola moto c plus xt1726	motorola moto g6 plus dual	motorola moto c plus	motorola moto c plus	motorola moto c plus	motorola moto c plus dual sim	motorola moto c plus xt1723 dual chip	motorola moto c plus xt1724 dual	motorola moto c plus xt-1723	moto c plus	motorola c plus xt1723 dual	motorola moto c plus	motorola moto g5s plus dual	motorola moto g6 plus dual	moto g6 play dual chip	motorola moto g6 plus dual	motorola moto g6 plus dual	motorola moto c plus xt1723 dual chip
xiaomi redmi 6
samsung galaxy s9	samsung galaxy s9
samsung galaxy j5 prime	samsung galaxy j7 pro	samsung galaxy j7 pro	samsung galaxy j7 pro	samsung galaxy j5 prime	samsung galaxy j5 prime	samsung galaxy j2 pro	samsung galaxy j2 pro	samsung galaxy j2 pro	samsung galaxy j5 prime	samsung galaxy j5 prime	samsung galaxy j7 pro	samsung galaxy j5 prime
samsung galaxy a7 2017 a720f
iphone 8 apple plus	iphone 8 apple plus	iphone 8 apple plus	iphone 8 apple plus	iphone 8 apple plus	iphone 8 apple plus	iphone 8 plus apple	iphone 8 plus apple	apple iphone 8 plus	iphone 8 apple plus	apple iphone 8 plus	apple iphone 8 plus	apple iphone 8 plus	iphone 8 plus apple	iphone 8 apple plus	apple iphone 8 plus	apple iphone 8 plus	apple iphone 8 plus
xiaomi redmi note 5	xiaomi redmi note 5	xiaomi redmi note 5	xiaomi redmi note 5	xiaomi redmi note 5	novo xiaomi redmi note 5	original xiaomi redmi note 5	xiaomi redmi note 5 pro	xiaomi redmi note 5	xiaomi redmi note 5	xiaomi redmi note 5	xiaomi redmi note 5	xiaomi redmi note 5	xiaomi redmi note 5	xiaomi redmi note 5	xiaomi redmi note 5	xiaomi redmi note 5	xiaomi redmi note 5
xiaomi redmi note 5	xiaomi redmi note 5	xiaomi redmi note 5	xiaomi redmi note 5	xiaomi redmi note 5	novo xiaomi redmi note 5	original xiaomi redmi note 5	xiaomi redmi note 5 pro	xiaomi redmi note 5	xiaomi redmi note 5	xiaomi redmi note 5	xiaomi redmi note 5	xiaomi redmi note 5	xiaomi redmi note 5	xiaomi redmi note 5	xiaomi redmi note 5	xiaomi redmi note 5	xiaomi redmi note 5
novo xiaomi mi a2	xiaomi mi a2 dualsim 4gb/32gb	xiaomi mi a2 dualsim 4gb/32gb	xiaomi mi a2 dual sim	xiaomi mi a2	xiaomi mi a2 dual sim
samsung galaxy s9	samsung galaxy s9
iphone x 256
motorola moto c plus dual sim	motorola moto g5s plus dual sim
xiaomi mi a2 dualsim 4gb/32gb	xiaomi mi a2 dualsim 4gb/32gb	xiaomi mi a2 dual sim	xiaomi mi a2	xiaomi mi a2 dual sim
xiaomi mi a2 dualsim 4gb/32gb	xiaomi mi a2 dualsim 4gb/32gb	xiaomi mi a2 dual sim	xiaomi mi a2	xiaomi mi a2 dual sim
motorola moto c plus xt1726	motorola moto c plus xt-1723	motorola moto g5s xt1792 anatel	motorola moto g5s plus dual	motorola moto g6 plus dual	motorola moto g5s plus	motorola moto g5s plus	motorola moto g5s plus dual sim	motorola moto g6 plus dual	motorola moto g6 plus dual	motorola moto g5s plus xt1805	motorola moto e5 plus grafite
xiaomi redmi note 5	xiaomi redmi note 5	xiaomi redmi note 5	xiaomi redmi note 5	xiaomi redmi note 5	novo xiaomi redmi note 5	original xiaomi redmi note 5	xiaomi redmi note 5 pro	xiaomi redmi note 5	xiaomi redmi note 5	xiaomi redmi note 5	xiaomi redmi note 5	xiaomi redmi note 5	xiaomi redmi note 5	xiaomi redmi note 5	xiaomi redmi note 5	xiaomi redmi note 5	xiaomi redmi note 5
iphone 6 plus	iphone 6 plus	iphone 6 plus
samsung galaxy s9	samsung galaxy s9	samsung galaxy s9
xiaomi mi a2 dualsim 4gb/32gb	xiaomi mi a2 dualsim 4gb/32gb	xiaomi mi a2 dual sim	xiaomi mi a2 dual sim
samsung galaxy a8 plus	samsung galaxy a8 plus	samsung galaxy a8 plus	samsung galaxy a8 2018 sm-a530f	samsung galaxy a8 plus 6	samsung galaxy a8 plus 2018 sm-a730f
samsung galaxy a8 plus	samsung galaxy a8 plus	samsung galaxy a8 plus	samsung galaxy a8 2018 sm-a530f	samsung galaxy a8 plus 6	samsung galaxy a8 plus 2018 sm-a730f
iphone x	iphone x	iphone x	iphone x	iphone x	iphone x	iphone x	iphone x
novo xiaomi mi a2	xiaomi mi a2 dualsim 4gb/32gb	xiaomi mi a2 dualsim 4gb/32gb	xiaomi mi a2 dual sim	xiaomi mi a2	xiaomi mi a2 dual sim
novo xiaomi mi a2	xiaomi mi a2 dualsim 4gb/32gb	xiaomi mi a2 dualsim 4gb/32gb	xiaomi mi a2 dual sim	xiaomi mi a2	xiaomi mi a2 dual sim
xiaomi redmi note 5	xiaomi redmi note 5	xiaomi redmi note 5	xiaomi redmi note 5	xiaomi redmi note 5	novo xiaomi redmi note 5	original xiaomi redmi note 5	xiaomi redmi note 5 pro	xiaomi redmi note 5	xiaomi redmi note 5	xiaomi redmi note 5	xiaomi redmi note 5	xiaomi redmi note 5	xiaomi redmi note 5	xiaomi redmi note 5	xiaomi redmi note 5	xiaomi redmi note 5	xiaomi redmi note 5
novo xiaomi mi a2	xiaomi mi a2 dualsim 4gb/32gb	xiaomi mi a2 dualsim 4gb/32gb	xiaomi mi a2 dual sim	xiaomi mi a2	xiaomi mi a2 dual sim
novo xiaomi mi a2	xiaomi mi a2 dualsim 4gb/32gb	xiaomi mi a2 dualsim 4gb/32gb	xiaomi mi a2 dual sim	xiaomi mi a2	xiaomi mi a2 dual sim
iphone x	iphone x	iphone x	iphone x	iphone x	iphone x	iphone x	iphone x
samsung galaxy j2 prime tv	samsung galaxy j2 prime tv	samsung galaxy j7 prime g610f |	samsung galaxy j7 prime 2	samsung galaxy j7 neo tv	samsung galaxy j7 prime 2	samsung galaxy j7 prime 2	samsung galaxy j7 prime 2	samsung galaxy j7 prime 2	samsung galaxy j7 prime 2	samsung galaxy j7 prime 2	samsung galaxy j7 prime 2	samsung galaxy j7 prime 2 /	samsung galaxy j7 prime 2 tv
motorola xt1710 moto z2 play dual chip	motorola moto z2 play
xiaomi mi mix 2s dual sim
xiaomi mi mix 2s dual sim
xiaomi redmi mi a2 lite	xiaomi mi a2 lite global	xiaomi mi a2 lite global	xiaomi mi a2 lite global	xiaomi mi a2 lite global	xiaomi mi a2 lite global	xiaomi mi a 2 a2	xiaomi mi a2 lite global
xiaomi mi a2 dualsim 4gb/32gb	xiaomi mi a2 dualsim 4gb/32gb	xiaomi mi a2 dual sim	xiaomi mi a2 dual sim
xiaomi mi a2 dualsim 4gb/32gb	xiaomi mi a2 dualsim 4gb/32gb	xiaomi mi a2 dual sim	xiaomi mi a2 dual sim
xiaomi redmi mi a2 lite	xiaomi mi a2 lite	xiaomi mi a2 lite global	xiaomi mi a2	xiaomi mi a2	xiaomi mi a2 lite	xiaomi mi a2 lite global	xiaomi mi a2 lite global	xiaomi mi a2 lite global	xiaomi mi a2 lite global	lançamento xiaomi mi a2	lançamento xiaomi mi a2	xiaomi mi a 2 a2	xiaomi mi a2 lite global
xiaomi redmi mi a2 lite	xiaomi mi a2 lite	xiaomi mi a2 lite global	xiaomi mi a2	xiaomi mi a2	xiaomi mi a2 lite	xiaomi mi a2 lite global	xiaomi mi a2 lite global	xiaomi mi a2 lite global	xiaomi mi a2 lite global	lançamento xiaomi mi a2	lançamento xiaomi mi a2	xiaomi mi a 2 a2	xiaomi mi a2 lite global
samsung galaxy j7 pro	samsung galaxy j7 pro	samsung galaxy j7 prime 2	samsung galaxy j7 prime 2	samsung galaxy j7 prime 2	samsung galaxy j7 prime 2	samsung galaxy j7 prime 2	samsung galaxy j7 prime 2	samsung galaxy j7 prime 2	samsung galaxy j7 prime 2	samsung galaxy j5 pro sm-j530g/ds
xiaomi mi mix 2s dual sim
motorola moto c plus dual sim	motorola moto g5s plus dual sim
iphone 6	iphone 6	iphone 6	iphone 6	iphone 6	iphone 6	iphone 6	iphone 6	iphone 6
iphone 6 plus	iphone 6 plus	iphone 6 plus
xiaomi redmi note 5	xiaomi redmi note 5	xiaomi redmi note 5	xiaomi redmi note 5	xiaomi redmi note 5	novo xiaomi redmi note 5	original xiaomi redmi note 5	xiaomi redmi note 5 pro	xiaomi redmi note 5	xiaomi redmi note 5	xiaomi redmi note 5	xiaomi redmi note 5	xiaomi redmi note 5	xiaomi redmi note 5	xiaomi redmi note 5	xiaomi redmi note 5	xiaomi redmi note 5	xiaomi redmi note 5
iphone 6	iphone 6	iphone 6	iphone 6	iphone 6	iphone 6	iphone 6	iphone 6	iphone 6
samsung galaxy s9 plus	samsung galaxy s9 plus	samsung galaxy s9 plus	samsung galaxy pocket plus s5301	samsung galaxy s9 plus	samsung galaxy s9 plus	samsung galaxy a8 plus 6	samsung galaxy s9+ s9 plus anatel	samsung galaxy s9 plus
motorola moto c plus xt1726	motorola moto g6 play xt1922	motorola moto g6 play xt1922	motorola moto g6 plus	motorola moto g6 plus	motorola moto g6 plus	motorola moto g5s plus xt1805	motorola moto e5 plus grafite	motorola moto g6 plus	motorola moto g6 plus
xiaomi redmi mi a2 lite	xiaomi mi a2 lite	xiaomi mi mix 2s dual sim	xiaomi mi a2 lite global	xiaomi mi a2	xiaomi mi a2	xiaomi mi a2 lite	xiaomi mi a2 lite global	xiaomi mi a2 lite global	xiaomi mi a2 lite global	xiaomi mi a2 lite global	lançamento xiaomi mi a2	lançamento xiaomi mi a2	xiaomi mi a 2 a2	xiaomi mi a2 lite global
xiaomi redmi note 5 pro	xiaomi redmi note 5	xiaomi redmi note 5	xiaomi redmi note 5	xiaomi redmi note 5	xiaomi redmi note 5	xiaomi redmi note 5	xiaomi redmi note 5	xiaomi redmi note 5
iphone 5s	iphone 5s	iphone 5s	iphone 5s	iphone 5s	iphone 5s
xiaomi redmi note 5	xiaomi redmi note 5	xiaomi redmi note 5	xiaomi redmi note 5	xiaomi redmi note 5	novo xiaomi redmi note 5	original xiaomi redmi note 5	xiaomi redmi note 5 pro	xiaomi redmi note 5	xiaomi redmi note 5	xiaomi redmi note 5	xiaomi redmi note 5	xiaomi redmi note 5	xiaomi redmi note 5	xiaomi redmi note 5	xiaomi redmi note 5	xiaomi redmi note 5	xiaomi redmi note 5
iphone 6 plus	iphone 6 plus	iphone 6 plus
iphone 8 plus	iphone 8 plus	iphone 8 plus	iphone 8 plus	iphone 8 plus	iphone 8 plus
xiaomi mi 8 64gb/6gb dual sim global p/ entrega
xiaomi mi 8 64gb/6gb dual sim global p/ entrega
novo xiaomi mi a2	xiaomi mi a2 dualsim 4gb/32gb	xiaomi mi a2 dualsim 4gb/32gb	xiaomi mi a2 dual sim	xiaomi mi a2	xiaomi mi a2 dual sim
motorola moto e5 plus grafite
xiaomi redmi mi a2 lite	xiaomi mi a2 lite global	xiaomi mi a2	xiaomi mi a2	xiaomi mi a2 lite global	xiaomi mi a2 lite global	xiaomi mi a2 lite global	xiaomi mi a2 lite global	xiaomi mi a 2 a2	xiaomi mi a2 lite global
novo xiaomi mi a2	xiaomi mi a2 dualsim 4gb/32gb	xiaomi mi a2 dualsim 4gb/32gb	xiaomi mi a2 dual sim	xiaomi mi a2	xiaomi mi a2 dual sim
iphone 5s	iphone 5s	iphone 5s	iphone 5s	iphone 5s	iphone 5s
motorola moto c plus xt1726	motorola moto g6 plus	motorola moto g6 plus	motorola moto g5s plus	motorola moto g5s plus	motorola moto g6 plus	motorola moto g5s plus xt1805	motorola moto e5 plus grafite	motorola moto g6 plus	motorola moto g6 plus
iphone apple x	apple iphone x	iphone apple x	apple iphone x	apple iphone x
xiaomi redmi note 5 pro	xiaomi redmi note 4x
xiaomi redmi note 5	xiaomi redmi note 5	xiaomi redmi note 5	xiaomi redmi note 5	xiaomi redmi note 5	novo xiaomi redmi note 5	original xiaomi redmi note 5	xiaomi redmi note 5 pro	xiaomi redmi note 5	xiaomi redmi note 5	xiaomi redmi note 5	xiaomi redmi note 5	xiaomi redmi note 5	xiaomi redmi note 5	xiaomi redmi note 5	xiaomi redmi note 5	xiaomi redmi note 5	xiaomi redmi note 5
samsung galaxy j2 prime tv	samsung galaxy j2 prime tv	samsung galaxy j5 prime	samsung galaxy j5 prime	samsung galaxy j5 prime	samsung galaxy j5 prime	samsung galaxy j5 prime	samsung galaxy j7 prime 2	samsung galaxy j7 prime 2	samsung galaxy j7 prime 2	samsung galaxy j7 prime 2	samsung galaxy j7 prime 2	samsung galaxy j7 prime 2	samsung galaxy j7 prime 2	samsung galaxy j7 prime 2	samsung galaxy j5 pro sm-j530g/ds
samsung galaxy s9+ dual chip	samsung galaxy pocket plus s5301	samsung galaxy a8 plus 6	samsung galaxy s9+ s9 plus anatel
samsung galaxy s9 plus	samsung galaxy s9 plus	samsung galaxy s9 plus	samsung galaxy pocket plus s5301	samsung galaxy s9 plus	samsung galaxy s9 plus	samsung galaxy a8 plus 6	samsung galaxy s9+ s9 plus anatel	samsung galaxy s9 plus
xiaomi redmi mi a2 lite	xiaomi mi a2 lite	xiaomi mi mix 2s dual sim	xiaomi mi a2 lite global	xiaomi mi a2	xiaomi mi a2	xiaomi mi a2 lite	xiaomi mi a2 lite global	xiaomi mi a2 lite global	xiaomi mi a2 lite global	xiaomi mi a2 lite global	lançamento xiaomi mi a2	lançamento xiaomi mi a2	xiaomi mi a 2 a2	xiaomi mi a2 lite global
motorola moto g5s plus xt1802	motorola moto g5s plus xt1802	motorola moto g5s plus xt1802	motorola moto g5s plus dual	motorola moto g5s plus xt1805
iphone 8 apple plus	iphone 8 apple plus	iphone 8 apple plus	iphone 8 apple plus	iphone 8 apple plus	iphone 8 apple plus	iphone 8 plus apple	iphone 8 plus apple	apple iphone 8 plus	iphone 8 apple plus	apple iphone 8 plus	apple iphone 8 plus	apple iphone 8 plus	iphone 8 plus apple	iphone 8 apple plus	apple iphone 8 plus	apple iphone 8 plus	apple iphone 8 plus
samsung j400m galaxy j4	samsung j400m galaxy j4	samsung j400m galaxy j4	samsung j400m galaxy j4	samsung j400m galaxy j4	samsung j400m galaxy j4	samsung j400m galaxy j4	samsung j400m galaxy j4	samsung j400m galaxy j4	samsung j400m galaxy j4	samsung galaxy j4 j400m	samsung j400m galaxy j4	samsung j400m galaxy j4
samsung j400m galaxy j4	samsung j400m galaxy j4	samsung j400m galaxy j4	samsung j400m galaxy j4	samsung j400m galaxy j4	samsung j400m galaxy j4	samsung j400m galaxy j4	samsung j400m galaxy j4	samsung j400m galaxy j4	samsung j400m galaxy j4	samsung galaxy j4 j400m	samsung j400m galaxy j4	samsung j400m galaxy j4
samsung j400m galaxy j4	samsung j400m galaxy j4	samsung j400m galaxy j4	samsung j400m galaxy j4	samsung j400m galaxy j4	samsung j400m galaxy j4	samsung j400m galaxy j4	samsung j400m galaxy j4	samsung j400m galaxy j4	samsung j400m galaxy j4	samsung galaxy j4 j400m	samsung j400m galaxy j4	samsung j400m galaxy j4
motorola moto c plus xt1723 dual sim lte	motorola moto c plus dual sim	motorola moto c plus xt1724 dual sim	motorola moto c plus xt1723 dual chip	motorola moto c plus xt1724 dual	motorola c plus xt1723 dual	motorola moto g5s plus dual sim	motorola moto c plus xt1723 dualchip16gb original	motorola moto c plus xt1723 dual chip
samsung j400m galaxy j4	samsung j400m galaxy j4	samsung j400m galaxy j4	samsung j400m galaxy j4	samsung j400m galaxy j4	samsung j400m galaxy j4	samsung j400m galaxy j4	samsung j400m galaxy j4	samsung j400m galaxy j4	samsung j400m galaxy j4	samsung galaxy j4 j400m	samsung j400m galaxy j4	samsung j400m galaxy j4
samsung j400m galaxy j4	samsung j400m galaxy j4	samsung j400m galaxy j4	samsung j400m galaxy j4	samsung j400m galaxy j4	samsung j400m galaxy j4	samsung j400m galaxy j4	samsung j400m galaxy j4	samsung j400m galaxy j4	samsung j400m galaxy j4	samsung galaxy j4 j400m	samsung j400m galaxy j4	samsung j400m galaxy j4
xiaomi pocophone f1
xiaomi pocophone f1
samsung galaxy j7 prime 2 dual chip	samsung galaxy j7 prime g610f |	samsung galaxy j7 prime 2	samsung galaxy j7 prime 2	samsung galaxy j7 prime 2	samsung galaxy j7 prime 2	samsung galaxy j7 prime 2	samsung galaxy j7 prime 2	samsung galaxy j7 prime 2	samsung galaxy j7 prime 2	samsung galaxy j7 prime	samsung galaxy j7 prime 2 tv
motorola moto c plus xt1726	motorola moto g6 play xt1922	motorola moto g6 plus dual	motorola moto g6 play xt1922	motorola moto g6 plus	motorola moto g6 plus	motorola moto g6 plus	motorola moto g5s plus xt1805	motorola moto e5 plus grafite	motorola moto g6 plus	motorola moto g6 plus
j810m galaxy j8 64gb
samsung j810m galaxy j8 64gb
samsung j400m galaxy j4	samsung j400m galaxy j4	samsung j400m galaxy j4	samsung j400m galaxy j4	samsung j400m galaxy j4	samsung j400m galaxy j4	samsung j400m galaxy j4	samsung j400m galaxy j4	samsung j400m galaxy j4	samsung j400m galaxy j4	samsung j400m galaxy j4	samsung j400m galaxy j4	samsung j400m galaxy j4
iphone 8 apple plus	iphone 8 apple plus	iphone 8 apple plus	iphone 8 apple plus	iphone 8 apple plus	iphone 8 apple plus	iphone 8 plus apple	iphone 8 plus apple	apple iphone 8 plus	iphone 8 apple plus	apple iphone 8 plus	apple iphone 8 plus	apple iphone 8 plus	iphone 8 plus apple	iphone 8 apple plus	apple iphone 8 plus	apple iphone 8 plus	apple iphone 8 plus
samsung j400m galaxy j4	samsung j400m galaxy j4	samsung j400m galaxy j4	samsung j400m galaxy j4	samsung j400m galaxy j4	samsung j400m galaxy j4	samsung j400m galaxy j4	samsung j400m galaxy j4	samsung j400m galaxy j4	samsung j400m galaxy j4	samsung j400m galaxy j4	samsung galaxy j4 j400m	samsung j400m galaxy j4
samsung j400m galaxy j4	samsung j400m galaxy j4	samsung j400m galaxy j4	samsung j400m galaxy j4	samsung j400m galaxy j4	samsung j400m galaxy j4	samsung j400m galaxy j4	samsung j400m galaxy j4	samsung j400m galaxy j4	samsung j400m galaxy j4	samsung j400m galaxy j4	samsung galaxy j4 j400m	samsung j400m galaxy j4
xiaomin redmi note 5	xiaomi redmi note 5 pro
iphone 8 64
iphone 8 64
iphone 8 apple plus	iphone 8 apple plus	iphone 8 apple plus	iphone 8 apple plus	iphone 8 apple plus	iphone 8 apple plus	iphone 8 plus apple	iphone 8 plus apple	apple iphone 8 plus	iphone 8 apple plus	apple iphone 8 plus	apple iphone 8 plus	apple iphone 8 plus	iphone 8 plus apple	iphone 8 apple plus	apple iphone 8 plus	apple iphone 8 plus	apple iphone 8 plus
novo xiaomi redmi note 5	original xiaomi redmi note 5	xiaomi redmi note 5 pro	xiaomi redmi note 4x
samsung galaxy win 2 duos tv	samsung galaxy j2 prime tv	samsung galaxy j2 prime tv	samsung galaxy j7 prime 2 dual chip	samsung galaxy j7 prime g610f |	samsung galaxy j7 prime 2	samsung galaxy j7 neo tv	samsung galaxy j7 prime 2	samsung galaxy j7 prime 2	samsung galaxy j7 prime 2	samsung galaxy j7 prime 2	samsung galaxy j7 prime 2	samsung galaxy j7 prime 2	samsung galaxy j7 prime 2	samsung galaxy j7 prime	samsung galaxy j7 prime 2 /
iphone x	iphone x	iphone x	iphone x	iphone x	iphone x	iphone x	iphone x
galaxy j7 pro	galaxy j7 pro	galaxy j7 pro
novo xiaomi redmi note 5	original xiaomi redmi note 5	xiaomi redmi note 5 pro	xiaomi redmi note 5	xiaomi redmi note 5	xiaomi redmi note 5	xiaomi redmi note 5	xiaomi redmi note 5	xiaomi redmi note 5	xiaomi redmi note 5	xiaomi redmi note 5
xiaomi redmi note 5	xiaomi redmi note 5	xiaomi redmi note 5	xiaomi redmi note 5	xiaomi redmi note 5	novo xiaomi redmi note 5	original xiaomi redmi note 5	xiaomi redmi note 5 pro	xiaomi redmi note 5	xiaomi redmi note 5	xiaomi redmi note 5	xiaomi redmi note 5	xiaomi redmi note 5	xiaomi redmi note 5	xiaomi redmi note 5	xiaomi redmi note 5	xiaomi redmi note 5	xiaomi redmi note 5
motorola nextel i867 ferrari
iphone apple x	apple iphone x	iphone apple x	apple iphone x	apple iphone x
xiaomi redmi 6
motorola nextel i867 ferrari
